DATE,TARGET_ONSET_NEXT_3D,LR_PRED,LR_PROB
2019-01-01,0,0,9.654705668654822e-33
2019-01-02,0,0,2.0603782733428306e-32
2019-01-03,0,0,1.8214431047008654e-32
2019-01-04,0,0,4.348149928754986e-32
2019-01-05,0,0,2.5353355060775734e-35
2019-01-06,0,0,1.9914186431570727e-34
2019-01-07,0,0,1.4026861643064578e-32
2019-01-08,0,0,8.98101867913318e-33
2019-01-09,0,0,4.220658791978259e-34
2019-01-10,0,0,1.2458861259892829e-34
2019-01-11,0,0,8.961937532005101e-35
2019-01-12,0,0,6.797999044634301e-36
2019-01-13,0,0,6.137960924015023e-39
2019-01-14,0,0,4.133988418422148e-41
2019-01-15,0,0,7.186750647284314e-42
2019-01-16,0,0,7.61095051422847e-43
2019-01-17,0,0,9.991304493122867e-42
2019-01-18,0,0,5.593111759953634e-42
2019-01-19,0,0,1.1651941756012722e-41
2019-01-20,0,0,4.319842440931488e-43
2019-01-21,0,0,8.886851033775201e-42
2019-01-22,0,0,2.236457661766583e-38
2019-01-23,0,0,3.5357083607079e-38
2019-01-24,0,0,1.939974568832751e-42
2019-01-25,0,0,2.4441908052307068e-42
2019-01-26,0,0,1.3216784425730364e-39
2019-01-27,0,0,2.1429505035909608e-38
2019-01-28,0,0,1.1337981039977923e-39
2019-01-29,0,0,4.1357811389840144e-39
2019-01-30,0,0,8.259585374870228e-41
2019-01-31,0,0,1.241169085343651e-40
2019-02-01,0,0,4.069323374853936e-40
2019-02-02,0,0,5.387668913061078e-42
2019-02-03,0,0,1.2422326469753141e-41
2019-02-04,0,0,2.877823365313471e-39
2019-02-05,0,0,2.9011882650348955e-34
2019-02-06,0,0,1.2525970578190125e-32
2019-02-07,0,0,3.79744246610177e-35
2019-02-08,0,0,1.1922519546942515e-32
2019-02-09,0,0,3.8422213137338126e-30
2019-02-10,0,0,1.5407159313756882e-28
2019-02-11,0,0,1.3990092272400483e-31
2019-02-12,0,0,4.4294477896508096e-35
2019-02-13,0,0,6.148979474883739e-38
2019-02-14,0,0,2.5374894455566866e-34
2019-02-15,0,0,8.354087796095195e-31
2019-02-16,0,0,8.148555658145685e-33
2019-02-17,0,0,4.513178048580415e-34
2019-02-18,0,0,1.7841864197766745e-36
2019-02-19,0,0,1.1083233579460704e-34
2019-02-20,0,0,4.841963628883714e-35
2019-02-21,0,0,7.527478594760068e-36
2019-02-22,0,0,3.034729591762493e-37
2019-02-23,0,0,1.6098531455025064e-38
2019-02-24,0,0,1.8256877157070355e-39
2019-02-25,0,0,3.508456265358768e-35
2019-02-26,0,0,7.504887424601665e-33
2019-02-27,0,0,1.222904557822155e-29
2019-02-28,0,0,3.705722977230261e-30
2019-03-01,0,0,2.2869802030062275e-29
2019-03-02,0,0,3.825806236258758e-31
2019-03-03,0,0,3.3764329500901805e-28
2019-03-04,0,0,1.5075954761300268e-30
2019-03-05,0,0,5.8821596158037596e-31
2019-03-06,0,0,3.3745839242333446e-32
2019-03-07,0,0,1.9335831703454075e-34
2019-03-08,0,0,3.062403604483934e-35
2019-03-09,0,0,3.771416625575635e-37
2019-03-10,0,0,3.800822724517365e-37
2019-03-11,0,0,8.891172238949597e-35
2019-03-12,0,0,3.352165951684155e-31
2019-03-13,0,0,6.204821602837324e-27
2019-03-14,0,0,5.855490461954064e-26
2019-03-15,0,0,5.277451864429347e-25
2019-03-16,0,0,8.352814780887467e-26
2019-03-17,0,0,2.837549102307964e-24
2019-03-18,0,0,7.572681113038135e-24
2019-03-19,0,0,7.760175057364296e-27
2019-03-20,0,0,1.1662304215175504e-27
2019-03-21,0,0,1.0911629696602688e-27
2019-03-22,0,0,7.290946984102272e-30
2019-03-23,0,0,4.050635817491987e-30
2019-03-24,0,0,1.8214591238540134e-27
2019-03-25,0,0,1.7637017070109237e-25
2019-03-26,0,0,5.458987771605168e-26
2019-03-27,0,0,1.7241179964916215e-25
2019-03-28,0,0,1.8335600096499193e-26
2019-03-29,0,0,1.8343245455019853e-24
2019-03-30,0,0,4.378240791813831e-24
2019-03-31,0,0,8.508743206740573e-25
2019-04-01,0,0,3.566353538126291e-23
2019-04-02,0,0,2.690610423271936e-20
2019-04-03,0,0,6.257894494063784e-22
2019-04-04,0,0,1.1329645204713912e-22
2019-04-05,0,0,2.4068287525231023e-22
2019-04-06,0,0,2.247069405426434e-22
2019-04-07,0,0,6.689843837776858e-21
2019-04-08,0,0,2.1207204265909028e-18
2019-04-09,0,0,3.0092424991679465e-17
2019-04-10,0,0,1.9713547184524887e-15
2019-04-11,0,0,6.356934293643737e-15
2019-04-12,0,0,2.03284689817546e-13
2019-04-13,0,0,1.5393827354940136e-14
2019-04-14,0,0,1.3708413897233496e-13
2019-04-15,0,0,9.63643838911768e-16
2019-04-16,0,0,2.4145313922287363e-15
2019-04-17,0,0,4.072832235765076e-13
2019-04-18,0,0,1.2947539619643958e-14
2019-04-19,0,0,7.994248820767512e-15
2019-04-20,0,0,2.2313071145073313e-22
2019-04-21,0,0,2.961398527294585e-19
2019-04-22,0,0,2.1975194803517477e-16
2019-04-23,0,0,2.101297030957968e-18
2019-04-24,0,0,1.1117807666982998e-17
2019-04-25,0,0,2.256648711919007e-15
2019-04-26,0,0,5.001117039113406e-16
2019-04-27,0,0,1.6037748770769656e-18
2019-04-28,0,0,3.0351260509580676e-13
2019-04-29,0,0,1.800571405818573e-13
2019-04-30,0,0,2.989948375310975e-15
2019-05-01,0,0,1.3859272001117441e-11
2019-05-02,0,0,3.2440589044129165e-09
2019-05-03,0,0,3.671780006837282e-08
2019-05-04,0,0,4.0777630917331524e-07
2019-05-05,0,0,1.2433445397339662e-08
2019-05-06,0,0,2.6586249717875725e-09
2019-05-07,0,0,9.334637120046255e-08
2019-05-08,0,0,6.925528765264691e-08
2019-05-09,0,0,3.661703778511602e-07
2019-05-10,0,0,2.813113698400822e-08
2019-05-11,0,0,1.7155397391863898e-07
2019-05-12,0,0,2.776059638160458e-09
2019-05-13,0,0,4.957123437092168e-11
2019-05-14,0,0,2.601102416328126e-10
2019-05-15,0,0,1.6049381982044213e-10
2019-05-16,0,0,1.414519719489059e-10
2019-05-17,0,0,3.513219295324946e-11
2019-05-18,0,0,8.809971101606245e-12
2019-05-19,0,0,2.2067295963545468e-10
2019-05-20,0,0,2.8130005784593623e-09
2019-05-21,0,0,1.3912743215177555e-07
2019-05-22,0,0,0.00106516498555579
2019-05-23,0,0,0.0003513289085221681
2019-05-24,0,0,3.7807837735552524e-05
2019-05-25,0,0,6.644224518876251e-05
2019-05-26,0,0,0.0010553396342771301
2019-05-27,0,0,0.0016903022521872189
2019-05-28,0,0,0.0006355751819046359
2019-05-29,0,0,0.002158728972013624
2019-05-30,0,0,0.0007177063069100009
2019-05-31,0,0,0.00027131419147373323
2019-06-01,0,0,0.0002570667418739538
2019-06-02,0,0,0.008860238556807225
2019-06-03,0,0,0.0018742882203194344
2019-06-04,0,0,9.398172955391872e-05
2019-06-05,0,0,0.007419908983836583
2019-06-06,0,0,0.00024857535888675507
2019-06-07,0,0,4.200440387394447e-08
2019-06-08,0,0,3.041038177411128e-08
2019-06-09,0,0,2.2590123505362205e-08
2019-06-10,0,0,2.5566161333538357e-07
2019-06-11,0,0,1.562893305509986e-06
2019-06-12,0,0,2.7232994139476218e-05
2019-06-13,0,0,2.0412376802673045e-05
2019-06-14,0,0,3.002639572832366e-07
2019-06-15,0,0,8.367537610961738e-06
2019-06-16,0,0,0.0007123602402772308
2019-06-17,0,0,4.772230633815224e-06
2019-06-18,0,0,1.828626313753088e-05
2019-06-19,0,0,7.435822268827538e-05
2019-06-20,0,0,0.0007561808620659918
2019-06-21,0,0,0.00011669176182910808
2019-06-22,0,0,1.8128146586386946e-05
2019-06-23,0,0,7.609937005693231e-05
2019-06-24,0,0,0.0003668153150371531
2019-06-25,0,0,0.0022841983985905
2019-06-26,0,0,0.00742722047428622
2019-06-27,0,0,0.26981814179419455
2019-06-28,0,1,0.5467946508883225
2019-06-29,0,0,0.12872522920637908
2019-06-30,0,0,0.44227343131903407
2019-07-01,0,1,0.8599126533365375
2019-07-02,0,1,0.7306315394438089
2019-07-03,0,1,0.6499186726515255
2019-07-04,0,1,0.5703262038767317
2019-07-05,0,1,0.8812541599166127
2019-07-06,0,1,0.9162659721593577
2019-07-07,0,0,0.4088723252377028
2019-07-08,0,1,0.8913322399557636
2019-07-09,0,1,0.9333536033155208
2019-07-10,0,1,0.9235863079698347
2019-07-11,0,1,0.9825185998713383
2019-07-12,0,1,0.8770464801759074
2019-07-13,0,1,0.8673667931509426
2019-07-14,0,1,0.9691731690736399
2019-07-15,0,1,0.9690564920515109
2019-07-16,0,1,0.9826018013689299
2019-07-17,0,1,0.907684117549722
2019-07-18,0,1,0.572284425651822
2019-07-19,0,0,0.0019722143024875328
2019-07-20,0,0,0.14505024061384783
2019-07-21,0,1,0.6210718882997195
2019-07-22,0,0,0.19996054484958292
2019-07-23,0,0,0.00018855966663041155
2019-07-24,0,0,0.0004684510817090134
2019-07-25,0,0,0.06589189291264409
2019-07-26,0,0,0.252805102771023
2019-07-27,0,0,0.059949042823630984
2019-07-28,0,0,0.008795858867599966
2019-07-29,0,1,0.899655824891479
2019-07-30,0,0,0.19620406841621854
2019-07-31,0,0,0.0007725037851715203
2019-08-01,0,0,0.011063074520038537
2019-08-02,0,0,0.016396566911587602
2019-08-03,0,0,0.008991627122322689
2019-08-04,0,0,0.056826807774376396
2019-08-05,0,0,0.07583068414294122
2019-08-06,0,0,0.06553016531218016
2019-08-07,0,0,0.08537649708372916
2019-08-08,0,0,0.052227163772795515
2019-08-09,0,0,0.16215594874319939
2019-08-10,0,0,0.04403691240402883
2019-08-11,0,0,0.017449814312003122
2019-08-12,0,0,0.06780842154532375
2019-08-13,0,0,0.2370663228671988
2019-08-14,0,0,0.005763443224964889
2019-08-15,0,0,0.03311635694285087
2019-08-16,0,0,0.030546605637832423
2019-08-17,0,0,0.1283706983727059
2019-08-18,0,0,0.2239262179086041
2019-08-19,0,0,0.33994774689516205
2019-08-20,0,0,0.28049609538804265
2019-08-21,0,0,6.229788539242557e-09
2019-08-22,0,0,0.000633954253731332
2019-08-23,0,0,6.5061374864530035e-06
2019-08-24,0,0,0.0028005376027386343
2019-08-25,0,0,0.0034252882736943713
2019-08-26,0,0,0.002317820274359864
2019-08-27,0,0,0.00042328365514110515
2019-08-28,0,0,9.444953592666267e-07
2019-08-29,0,0,5.630031720468157e-07
2019-08-30,0,0,3.7285712050820235e-06
2019-08-31,0,0,0.00015320820553140174
2019-09-01,0,0,5.447271457799722e-07
2019-09-02,0,0,7.632941076650432e-07
2019-09-03,0,0,3.9022347177234925e-06
2019-09-04,0,0,1.550868713887587e-05
2019-09-05,0,0,4.720644708606387e-05
2019-09-06,0,0,0.00017218431677920327
2019-09-07,0,0,2.560530303406208e-05
2019-09-08,0,0,5.021925652578696e-06
2019-09-09,0,0,1.2088081819323798e-05
2019-09-10,0,0,5.737205906051386e-05
2019-09-11,0,0,7.86691066796061e-06
2019-09-12,0,0,9.277438245992435e-07
2019-09-13,0,0,2.9468812111446845e-06
2019-09-14,0,0,0.0002299446053260851
2019-09-15,0,0,5.991556725528908e-05
2019-09-16,0,0,1.967648793231056e-05
2019-09-17,0,0,0.026235595441875918
2019-09-18,0,0,0.0033037446546987158
2019-09-19,0,0,3.068330721966707e-06
2019-09-20,0,0,1.791488519532032e-07
2019-09-21,0,0,2.0402765829222705e-05
2019-09-22,0,0,3.459973084757816e-08
2019-09-23,0,0,1.0846239243450362e-08
2019-09-24,0,0,2.790315664280973e-08
2019-09-25,0,0,1.0736708357870316e-06
2019-09-26,0,0,1.3560317088701235e-07
2019-09-27,0,0,1.3104360262253135e-08
2019-09-28,0,0,1.9263907442418487e-08
2019-09-29,0,0,6.28728881626542e-08
2019-09-30,0,0,9.453057694188625e-09
2019-10-01,0,0,1.4086694580728592e-10
2019-10-02,0,0,6.999488687725486e-10
2019-10-03,0,0,1.2522590216509223e-07
2019-10-04,0,0,7.119773657670159e-07
2019-10-05,0,0,1.1176555729844006e-07
2019-10-06,0,0,2.6977059416424133e-09
2019-10-07,0,0,1.931774831237173e-11
2019-10-08,0,0,2.522100599292606e-13
2019-10-09,0,0,4.06035501848033e-14
2019-10-10,0,0,3.2421367235982334e-14
2019-10-11,0,0,4.4849009511842686e-15
2019-10-12,0,0,1.3158970089714349e-14
2019-10-13,0,0,2.2209704041547318e-15
2019-10-14,0,0,3.126387897587194e-16
2019-10-15,0,0,3.470762633361775e-16
2019-10-16,0,0,4.3970230945181543e-17
2019-10-17,0,0,5.015325988279765e-21
2019-10-18,0,0,3.560170208962912e-21
2019-10-19,0,0,1.596122893578268e-20
2019-10-20,0,0,2.160846499579188e-28
2019-10-21,0,0,6.754500081758629e-25
2019-10-22,0,0,5.0352083042270616e-21
2019-10-23,0,0,1.2796666107391254e-24
2019-10-24,0,0,1.5889416638301195e-21
2019-10-25,0,0,1.545635307242075e-18
2019-10-26,0,0,5.225663755656966e-20
2019-10-27,0,0,2.1736301740632174e-23
2019-10-28,0,0,3.455278949052249e-23
2019-10-29,0,0,5.1465840487422245e-20
2019-10-30,0,0,6.4938741198511914e-18
2019-10-31,0,0,3.1673331773839677e-20
2019-11-01,0,0,2.8176143726932556e-25
2019-11-02,0,0,9.32648515311487e-24
2019-11-03,0,0,1.1409207429656822e-23
2019-11-04,0,0,4.274162845011546e-27
2019-11-05,0,0,1.634239820864729e-28
2019-11-06,0,0,1.977298289342828e-29
2019-11-07,0,0,4.305070439411106e-28
2019-11-08,0,0,5.95169402087914e-32
2019-11-09,0,0,3.171972607540718e-30
2019-11-10,0,0,2.61584078060921e-29
2019-11-11,0,0,3.650094499410489e-30
2019-11-12,0,0,7.775310165704495e-33
2019-11-13,0,0,2.450414473417747e-33
2019-11-14,0,0,3.545391019289248e-31
2019-11-15,0,0,1.478515005343156e-32
2019-11-16,0,0,1.4982515832557895e-35
2019-11-17,0,0,4.3503717356362525e-34
2019-11-18,0,0,2.2318270049850028e-30
2019-11-19,0,0,2.1137182227011926e-31
2019-11-20,0,0,1.9024220876567113e-30
2019-11-22,0,0,8.867344519155537e-30
2019-11-23,0,0,5.378796273329009e-31
2019-11-24,0,0,1.7733776948526597e-35
2019-11-25,0,0,6.473011098592414e-33
2019-11-26,0,0,7.042368278123216e-31
2019-11-27,0,0,2.617369288364648e-30
2019-11-28,0,0,9.39220469568485e-31
2019-11-29,0,0,2.3748453381845875e-31
2019-11-30,0,0,2.6611519873430835e-31
2019-12-01,0,0,1.3242431875759307e-40
2019-12-02,0,0,9.741366231280498e-38
2019-12-03,0,0,2.0649434202970166e-36
2019-12-04,0,0,4.256159149328322e-36
2019-12-05,0,0,4.4062034914679365e-38
2019-12-07,0,0,1.4843832711086745e-37
2019-12-08,0,0,1.3221854231461128e-37
2019-12-09,0,0,8.839819114675028e-36
2019-12-10,0,0,3.529625493124053e-33
2019-12-11,0,0,1.0164600461429267e-36
2019-12-12,0,0,8.080584122639083e-35
2019-12-13,0,0,2.8550384549423392e-33
2019-12-14,0,0,2.3725964776812056e-37
2019-12-15,0,0,3.101210476969576e-39
2019-12-16,0,0,4.899800717009709e-38
2019-12-17,0,0,1.6614883201128045e-36
2019-12-18,0,0,5.190508224143476e-36
2019-12-19,0,0,1.3966491535541253e-34
2019-12-20,0,0,2.4783887248619463e-34
2019-12-21,0,0,2.931725628823604e-35
2019-12-22,0,0,6.036728400885965e-37
2019-12-23,0,0,6.6367380577812315e-37
2019-12-24,0,0,1.0223779182654594e-36
2019-12-25,0,0,3.2560068403664314e-35
2019-12-26,0,0,5.735374754410586e-33
2019-12-27,0,0,1.4932772949338617e-30
2019-12-28,0,0,1.3878886383303381e-30
2019-12-29,0,0,8.825959534166983e-29
2019-12-30,0,0,1.830171610949034e-29
2019-12-31,0,0,5.432463920065269e-31
2020-01-01,0,0,1.3217964193557582e-31
2020-01-02,0,0,7.211231960994438e-32
2020-01-03,0,0,1.0134643220738503e-35
2020-01-04,0,0,2.548237506327702e-36
2020-01-05,0,0,3.294311788370689e-38
2020-01-06,0,0,7.79976322485403e-38
2020-01-07,0,0,1.4578658206322334e-36
2020-01-08,0,0,2.331471016587826e-38
2020-01-09,0,0,4.5150557665772513e-38
2020-01-10,0,0,1.045427556546848e-34
2020-01-11,0,0,8.318739553405524e-34
2020-01-12,0,0,3.370294221818519e-36
2020-01-13,0,0,8.388249670852378e-34
2020-01-14,0,0,9.989194599355893e-30
2020-01-15,0,0,4.106984973532832e-30
2020-01-16,0,0,1.0826700970488355e-31
2020-01-17,0,0,1.1355561258846973e-32
2020-01-18,0,0,2.5273302395007914e-30
2020-01-19,0,0,8.548218373490754e-34
2020-01-20,0,0,9.104357048913172e-38
2020-01-21,0,0,6.322027254598462e-39
2020-01-22,0,0,1.1873970411459624e-39
2020-01-23,0,0,7.589664140325555e-40
2020-01-24,0,0,6.070633170574006e-40
2020-01-25,0,0,6.413926276933417e-41
2020-01-26,0,0,8.467692234775109e-41
2020-01-27,0,0,1.6105821695220746e-38
2020-01-28,0,0,6.612891239535111e-39
2020-01-29,0,0,6.572430935749809e-39
2020-01-30,0,0,5.515806046904561e-38
2020-01-31,0,0,1.7123827515291797e-38
2020-02-01,0,0,3.707708900491213e-38
2020-02-02,0,0,5.542838551387498e-38
2020-02-03,0,0,1.0827680703456726e-36
2020-02-04,0,0,1.4056621312267169e-33
2020-02-05,0,0,1.427813155431437e-35
2020-02-06,0,0,5.237999653647949e-39
2020-02-07,0,0,2.447628028502257e-40
2020-02-08,0,0,7.454065149934546e-33
2020-02-09,0,0,1.4613687835531948e-30
2020-02-10,0,0,6.356525904207336e-32
2020-02-11,0,0,1.2738459316011087e-35
2020-02-12,0,0,2.8572135341996195e-37
2020-02-13,0,0,3.5569707472065605e-35
2020-02-14,0,0,9.999014034263444e-35
2020-02-15,0,0,9.410176451499183e-34
2020-02-16,0,0,1.8802986438455891e-31
2020-02-17,0,0,2.411365645402148e-33
2020-02-18,0,0,4.379624562840681e-34
2020-02-19,0,0,8.439532956543181e-36
2020-02-20,0,0,3.978902226096358e-34
2020-02-21,0,0,1.3185041844584096e-35
2020-02-22,0,0,2.4372670436548783e-35
2020-02-23,0,0,6.790389381317133e-35
2020-02-24,0,0,1.162332200050552e-34
2020-02-25,0,0,6.901343707480716e-37
2020-02-26,0,0,6.411268769864717e-36
2020-02-27,0,0,3.5804069193699514e-36
2020-02-28,0,0,9.952630048201797e-34
2020-02-29,0,0,4.142753331258754e-34
2020-03-01,0,0,4.934373727852184e-35
2020-03-02,0,0,2.7481396272182565e-33
2020-03-03,0,0,3.9088211314767055e-32
2020-03-04,0,0,2.1147280451201218e-34
2020-03-05,0,0,5.310671758976533e-31
2020-03-06,0,0,1.4930620409378331e-28
2020-03-07,0,0,1.2840758610511986e-29
2020-03-08,0,0,1.7122729928930968e-29
2020-03-09,0,0,1.3925928274742114e-28
2020-03-10,0,0,1.9134957992904615e-26
2020-03-11,0,0,3.609105156538731e-29
2020-03-12,0,0,1.9156114161428366e-28
2020-03-13,0,0,5.309519551202048e-27
2020-03-14,0,0,8.271741651982039e-25
2020-03-15,0,0,2.2282653246140077e-25
2020-03-16,0,0,3.465099155258024e-26
2020-03-17,0,0,2.0483349200899488e-26
2020-03-18,0,0,5.5148305313437115e-27
2020-03-19,0,0,1.3506403508585143e-25
2020-03-20,0,0,2.6264291246751904e-24
2020-03-21,0,0,5.612058177083883e-27
2020-03-22,0,0,1.8626564259542487e-24
2020-03-23,0,0,5.882243856270566e-22
2020-03-24,0,0,1.2495552227640398e-24
2020-03-25,0,0,5.0256040965025664e-29
2020-03-26,0,0,5.204530793874954e-27
2020-03-27,0,0,1.8875468522647004e-23
2020-03-28,0,0,5.839611875419344e-22
2020-03-29,0,0,2.6036264682500313e-21
2020-03-30,0,0,4.871846319870991e-21
2020-03-31,0,0,2.1479306684844084e-18
2020-04-01,0,0,3.723688502353159e-20
2020-04-02,0,0,2.895476903090584e-20
2020-04-03,0,0,1.722123153066167e-21
2020-04-04,0,0,3.535269644583694e-20
2020-04-05,0,0,3.4947651077416876e-21
2020-04-06,0,0,3.16589393632809e-20
2020-04-07,0,0,1.4477776815611663e-19
2020-04-08,0,0,8.891794656850437e-16
2020-04-09,0,0,3.352003043930648e-17
2020-04-10,0,0,5.462282288395991e-17
2020-04-11,0,0,3.798134457827634e-17
2020-04-12,0,0,6.550872226322087e-16
2020-04-13,0,0,2.0543479390041443e-27
2020-04-14,0,0,9.416967773087926e-24
2020-04-15,0,0,2.0339864333946474e-21
2020-04-16,0,0,6.0818187660164515e-21
2020-04-17,0,0,5.198999218143719e-21
2020-04-18,0,0,1.2560532349825147e-20
2020-04-19,0,0,1.1158244421337215e-21
2020-04-20,0,0,7.218287889163925e-20
2020-04-21,0,0,6.654592029371893e-20
2020-04-22,0,0,1.6528276583691373e-21
2020-04-23,0,0,3.622418407868006e-18
2020-04-24,0,0,3.1601261035817346e-18
2020-04-25,0,0,3.777518720719653e-20
2020-04-26,0,0,1.0598935425360894e-20
2020-04-27,0,0,6.091358712803796e-20
2020-04-28,0,0,1.40332571183442e-18
2020-04-29,0,0,4.566259392922641e-18
2020-04-30,0,0,5.621123142885629e-21
2020-05-01,0,0,4.388442411496128e-17
2020-05-02,0,0,1.9567758058867816e-15
2020-05-03,0,0,1.131910103475381e-12
2020-05-04,0,0,4.63774920212901e-12
2020-05-05,0,0,3.872553613644207e-12
2020-05-06,0,0,2.8721424606914403e-16
2020-05-07,0,0,4.810666308144667e-15
2020-05-08,0,0,1.4089751759344634e-12
2020-05-09,0,0,4.4301892432979886e-16
2020-05-10,0,0,3.038360287201834e-17
2020-05-11,0,0,1.4704543357058316e-15
2020-05-12,0,0,1.5357134399468795e-17
2020-05-13,0,0,7.084162362856212e-17
2020-05-14,0,0,1.3289333469310963e-17
2020-05-15,0,0,1.589740403361776e-16
2020-05-16,0,0,8.726964327934341e-15
2020-05-17,0,0,8.363715674904991e-11
2020-05-18,0,0,2.2894397740645606e-08
2020-05-19,0,0,2.2663976793548748e-09
2020-05-20,0,0,2.7641436197190332e-11
2020-05-21,0,0,2.270248561239381e-12
2020-05-22,0,0,2.1840549699320768e-11
2020-05-23,0,0,6.674855107654739e-13
2020-05-24,0,0,1.57781640265682e-12
2020-05-25,0,0,2.1991137104869523e-10
2020-05-26,0,0,1.1870237181738849e-08
2020-05-27,0,0,1.0964140103879648e-06
2020-05-28,0,0,9.23325313760235e-07
2020-05-29,0,0,2.022472432550696e-05
2020-05-30,0,0,0.0001539098666034163
2020-05-31,0,0,0.0003949059297897897
2020-06-01,0,0,0.0016864926440518539
2020-06-02,0,0,0.15539736457123238
2020-06-03,0,0,0.010952439911864184
2020-06-04,0,0,0.00014202518473923533
2020-06-05,0,0,2.7196629372138033e-05
2020-06-06,0,0,0.002014883483462167
2020-06-07,0,0,0.04731694535895246
2020-06-08,0,0,0.05758443768034035
2020-06-09,0,0,0.03864894973751527
2020-06-10,0,0,0.010302232112689994
2020-06-11,0,0,0.0028984702010925504
2020-06-12,0,0,0.10052796730670152
2020-06-13,0,1,0.9924488327207682
2020-06-14,0,1,0.9856249629333689
2020-06-15,0,0,0.10250790718788336
2020-06-16,0,0,0.0024190856036381864
2020-06-17,0,0,4.523208640926818e-05
2020-06-18,0,0,4.198111984114055e-06
2020-06-19,0,0,1.6297046853448813e-06
2020-06-20,0,0,4.89713763293897e-07
2020-06-21,0,0,9.26925550146017e-06
2020-06-22,0,0,0.0006831824459374505
2020-06-23,0,0,0.006060273274785651
2020-06-24,0,0,0.0011605531224256952
2020-06-25,0,0,0.3713233653334472
2020-06-26,0,0,0.11586555566582533
2020-06-27,0,1,0.5719210914574607
2020-06-28,0,0,0.00027856484977997943
2020-06-29,0,0,0.00016806740146991207
2020-06-30,0,0,0.0001476408447095667
2020-07-01,0,0,0.0008865264984907731
2020-07-02,0,0,0.003239284877634773
2020-07-03,0,0,0.03456010732167541
2020-07-04,0,0,0.4221615461009116
2020-07-05,0,1,0.8887034000716751
2020-07-06,0,0,0.4997033905664377
2020-07-07,0,0,0.10043526779389761
2020-07-08,0,0,0.1902581502684311
2020-07-09,0,1,0.976742388438165
2020-07-10,0,1,0.9943787566147813
2020-07-11,0,0,0.4415559910892945
2020-07-12,0,1,0.9833963405647443
2020-07-13,1,1,0.9990492707560961
2020-07-14,1,1,0.9998550022007651
2020-07-15,1,1,0.9961545804789598
2020-07-16,0,1,0.789182353123463
2020-07-17,0,0,0.06022441335404515
2020-07-18,0,0,0.006445696430581647
2020-07-19,0,0,0.3502789139442729
2020-07-20,0,1,0.9980432201240389
2020-07-21,0,1,0.9946092668377708
2020-07-22,0,1,0.8142777511307313
2020-07-23,0,0,0.31992186668645856
2020-07-24,0,0,1.0580061951963234e-06
2020-07-25,0,0,0.2082001854265231
2020-07-26,0,1,0.609868351407842
2020-07-27,0,1,0.9024106004508045
2020-07-28,0,1,0.7207820454710772
2020-07-29,0,0,0.018032945900782738
2020-07-30,0,0,0.373114064702699
2020-07-31,0,0,0.12443984357193735
2020-08-01,0,0,0.020295612213260195
2020-08-02,0,0,0.43410344341932006
2020-08-03,0,0,0.20960948015806988
2020-08-04,0,0,0.00930672933245883
2020-08-05,0,0,0.03470152819657262
2020-08-06,0,0,0.021499589519036476
2020-08-07,0,0,0.012413914159606207
2020-08-08,0,0,0.0318597080192078
2020-08-09,0,0,0.05619624174209269
2020-08-10,0,0,0.10131313007210634
2020-08-11,0,0,0.4292963710775646
2020-08-12,0,1,0.6162962766693212
2020-08-13,0,0,0.19626349789886574
2020-08-14,0,0,0.10906701189115492
2020-08-15,0,0,0.005573857793676012
2020-08-16,0,0,0.00011785564567431182
2020-08-17,0,0,0.006963075299507887
2020-08-18,0,0,0.00231490303349872
2020-08-19,0,0,0.008766361960110802
2020-08-20,0,0,0.003956258411910512
2020-08-21,0,0,0.0013400035814714537
2020-08-22,0,0,0.0001314454398200465
2020-08-23,0,0,0.00026989404258499674
2020-08-24,0,0,2.7130877184132374e-05
2020-08-25,0,0,0.0006489488148289998
2020-08-26,0,0,0.006863920341144623
2020-08-27,0,0,0.006855091317046903
2020-08-28,0,0,0.01962846674424361
2020-08-29,0,0,7.273031235207088e-06
2020-08-30,0,0,1.0178223454570295e-05
2020-08-31,0,0,0.000992916212940802
2020-09-01,0,0,9.555469153742265e-10
2020-09-02,0,0,3.383512321255103e-08
2020-09-03,0,0,2.572464574826106e-06
2020-09-04,0,0,5.157059534478507e-06
2020-09-05,0,0,6.812614206417508e-07
2020-09-06,0,0,8.748813651430035e-06
2020-09-07,0,0,4.173817682895449e-05
2020-09-08,0,0,7.447962769758178e-06
2020-09-09,0,0,3.7053159986990065e-06
2020-09-10,0,0,2.608426256214931e-07
2020-09-11,0,0,2.865796657661643e-07
2020-09-12,0,0,2.1723579141975744e-06
2020-09-13,0,0,1.6447396308853918e-06
2020-09-14,0,0,3.7183548501800967e-06
2020-09-15,0,0,7.61893138481248e-07
2020-09-16,0,0,4.61161106369316e-07
2020-09-17,0,0,1.4410382234176219e-06
2020-09-18,0,0,4.4139138047943565e-11
2020-09-19,0,0,5.019970421125708e-12
2020-09-20,0,0,2.5180724992281393e-12
2020-09-21,0,0,1.7496683963972815e-12
2020-09-22,0,0,5.702731428900209e-13
2020-09-23,0,0,1.0583879869132355e-12
2020-09-24,0,0,6.247305206763063e-14
2020-09-25,0,0,1.1238616661401904e-16
2020-09-26,0,0,8.834543228184922e-20
2020-09-27,0,0,1.1907588394342345e-15
2020-09-28,0,0,2.0917334579269708e-14
2020-09-29,0,0,4.463290208751844e-15
2020-09-30,0,0,1.7335364047630116e-16
2020-10-01,0,0,8.747489255181062e-17
2020-10-02,0,0,1.8808152819472976e-17
2020-10-03,0,0,2.08065583449375e-18
2020-10-04,0,0,2.5765481583141086e-18
2020-10-05,0,0,9.32839922922688e-19
2020-10-06,0,0,3.365185218618189e-20
2020-10-07,0,0,5.886262047252147e-19
2020-10-08,0,0,6.579641132166857e-18
2020-10-09,0,0,3.1474024687494576e-17
2020-10-10,0,0,1.846994765542437e-17
2020-10-11,0,0,4.901370090541407e-22
2020-10-12,0,0,7.860868295218392e-20
2020-10-13,0,0,3.971902363123877e-18
2020-10-14,0,0,1.444861964387556e-18
2020-10-15,0,0,3.220566872687079e-16
2020-10-16,0,0,3.07679685355598e-15
2020-10-17,0,0,9.635836104607047e-19
2020-10-18,0,0,2.2600725253778205e-18
2020-10-19,0,0,6.987804124876105e-19
2020-10-20,0,0,3.1327296420645715e-20
2020-10-21,0,0,6.521934945527466e-20
2020-10-22,0,0,2.4437553318158706e-18
2020-10-23,0,0,3.649282531135836e-17
2020-10-24,0,0,4.0781867325922585e-16
2020-10-25,0,0,3.3370018568760064e-16
2020-10-26,0,0,1.9475320501640375e-16
2020-10-27,0,0,3.0528429745372416e-16
2020-10-28,0,0,1.8385901297398702e-16
2020-10-29,0,0,7.101116960342845e-19
2020-10-30,0,0,1.3877714226947257e-22
2020-10-31,0,0,4.868432960224851e-21
2020-11-01,0,0,2.4091526583423966e-21
2020-11-02,0,0,2.131869617271996e-24
2020-11-03,0,0,4.523038806966575e-27
2020-11-04,0,0,4.200001524759654e-27
2020-11-05,0,0,5.105511644755364e-27
2020-11-06,0,0,1.5702905275101474e-27
2020-11-07,0,0,5.083325704216251e-26
2020-11-08,0,0,8.107237932124867e-24
2020-11-09,0,0,8.645721869211205e-23
2020-11-10,0,0,2.3406137738239008e-21
2020-11-11,0,0,1.6253098687262844e-21
2020-11-12,0,0,8.239345424985027e-29
2020-11-13,0,0,5.883570373464832e-24
2020-11-14,0,0,1.2152689631445308e-22
2020-11-15,0,0,9.744486408963255e-21
2020-11-16,0,0,1.7241723467437986e-23
2020-11-17,0,0,7.712530047688115e-25
2020-11-18,0,0,3.0039261532054333e-27
2020-11-19,0,0,9.873024203376228e-29
2020-11-20,0,0,1.3120271836463407e-29
2020-11-21,0,0,5.762801189794379e-30
2020-11-22,0,0,1.214683993491407e-28
2020-11-23,0,0,1.1990406248614616e-29
2020-11-24,0,0,8.913514318756969e-30
2020-11-25,0,0,3.428753625543187e-28
2020-11-26,0,0,1.7281215564182886e-26
2020-11-27,0,0,2.892200917923392e-29
2020-11-28,0,0,7.177977804324957e-28
2020-11-29,0,0,3.4125936847198486e-28
2020-11-30,0,0,1.045958268916702e-28
2020-12-01,0,0,1.0693296073246479e-32
2020-12-02,0,0,4.361918752690618e-34
2020-12-03,0,0,4.876800171708945e-36
2020-12-04,0,0,5.676027576648489e-36
2020-12-05,0,0,1.5515262592877577e-39
2020-12-06,0,0,3.0743524987936235e-39
2020-12-07,0,0,5.813102413087089e-37
2020-12-08,0,0,7.674518602363951e-38
2020-12-09,0,0,1.3188068920880264e-38
2020-12-10,0,0,1.365820356472538e-38
2020-12-11,0,0,1.110063530214416e-37
2020-12-12,0,0,1.1379167814981427e-35
2020-12-13,0,0,3.451574984053875e-33
2020-12-14,0,0,1.496821108754212e-34
2020-12-15,0,0,8.778715051819004e-36
2020-12-16,0,0,1.5157645693207498e-32
2020-12-17,0,0,2.144249580372866e-34
2020-12-18,0,0,1.6226277205696407e-37
2020-12-19,0,0,1.2391113835717823e-38
2020-12-20,0,0,8.818095978842622e-38
2020-12-21,0,0,7.467196855112626e-39
2020-12-22,0,0,6.24759284268564e-39
2020-12-23,0,0,5.4631595699200945e-39
2020-12-24,0,0,4.080968262928926e-34
2020-12-25,0,0,3.98051789393652e-38
2020-12-26,0,0,2.0803812131727667e-38
2020-12-27,0,0,1.3924869857643218e-38
2020-12-28,0,0,1.626462466093944e-39
2020-12-29,0,0,2.1597245290894155e-42
2020-12-30,0,0,7.519886864547847e-41
2020-12-31,0,0,3.9143651924033526e-39
2021-01-01,0,0,3.1216146934091067e-37
2021-01-02,0,0,1.0947597552916415e-37
2021-01-03,0,0,3.6676215617686854e-35
2021-01-04,0,0,1.9748081212073594e-35
2021-01-05,0,0,1.3625541006882353e-34
2021-01-06,0,0,8.232229736498631e-36
2021-01-07,0,0,1.1198582508270822e-37
2021-01-08,0,0,1.42857777498143e-39
2021-01-09,0,0,3.5968382826242685e-40
2021-01-10,0,0,8.162073681586228e-41
2021-01-11,0,0,6.10355550272019e-40
2021-01-12,0,0,3.0197704956908246e-42
2021-01-13,0,0,2.3867134103441027e-42
2021-01-14,0,0,6.443623962961284e-42
2021-01-15,0,0,2.610314400902634e-39
2021-01-16,0,0,1.3535754689486526e-39
2021-01-17,0,0,1.1810639810599884e-40
2021-01-18,0,0,3.864650023969455e-41
2021-01-19,0,0,4.1370268072179563e-41
2021-01-20,0,0,2.9042569233121447e-40
2021-01-21,0,0,1.5452789018681978e-40
2021-01-22,0,0,2.3023785593848713e-40
2021-01-23,0,0,5.381687893752997e-40
2021-01-24,0,0,3.4485148985197584e-39
2021-01-25,0,0,1.0445935762459421e-38
2021-01-26,0,0,1.8781770856085334e-44
2021-01-27,0,0,2.9836207881191352e-40
2021-01-28,0,0,3.9422531708356897e-38
2021-01-29,0,0,4.184164619975697e-37
2021-01-30,0,0,9.831716352522249e-37
2021-01-31,0,0,6.075618849901377e-38
2021-02-01,0,0,1.819461732423597e-39
2021-02-02,0,0,4.302154694729509e-40
2021-02-03,0,0,3.4073078086285463e-40
2021-02-04,0,0,1.5603286107190138e-39
2021-02-05,0,0,1.4319237432061003e-38
2021-02-06,0,0,5.329538668949913e-40
2021-02-07,0,0,2.591560778619226e-39
2021-02-08,0,0,1.3570600971931605e-39
2021-02-09,0,0,3.1656664416712076e-37
2021-02-10,0,0,1.6655478132083846e-36
2021-02-11,0,0,2.992098817696043e-35
2021-02-12,0,0,4.651753271211365e-39
2021-02-13,0,0,3.4616768268213374e-37
2021-02-14,0,0,7.670371901101864e-37
2021-02-15,0,0,1.5947075551168182e-36
2021-02-16,0,0,6.855264512515581e-37
2021-02-17,0,0,5.8329248423330385e-37
2021-02-18,0,0,2.609389257183275e-39
2021-02-19,0,0,4.939188217245505e-37
2021-02-20,0,0,8.481734466126415e-39
2021-02-21,0,0,7.158703777524575e-39
2021-02-22,0,0,7.848562557550228e-36
2021-02-23,0,0,8.431549002576818e-38
2021-02-24,0,0,2.4824959409082348e-36
2021-02-25,0,0,7.561483873691411e-33
2021-02-26,0,0,2.060372888144152e-31
2021-02-27,0,0,8.286753395476794e-33
2021-02-28,0,0,1.3250961725987903e-31
2021-03-01,0,0,1.776611403894401e-29
2021-03-02,0,0,6.69511381122661e-31
2021-03-03,0,0,7.952573885710988e-28
2021-03-04,0,0,3.148653182721345e-26
2021-03-05,0,0,2.2756315200078328e-28
2021-03-06,0,0,9.91313357253857e-30
2021-03-07,0,0,5.4955236666806064e-30
2021-03-08,0,0,2.1398542152972977e-30
2021-03-09,0,0,9.822586234852242e-30
2021-03-10,0,0,1.8137406706185765e-29
2021-03-11,0,0,3.10533387062245e-27
2021-03-12,0,0,1.1865158026521364e-25
2021-03-13,0,0,1.3090857685793153e-25
2021-03-14,0,0,4.577397229440526e-25
2021-03-15,0,0,1.5776259826223218e-23
2021-03-16,0,0,1.4608482650811217e-24
2021-03-17,0,0,1.676592640194983e-24
2021-03-18,0,0,1.9437656296805843e-25
2021-03-19,0,0,1.1428462728269577e-27
2021-03-20,0,0,1.411446318830311e-25
2021-03-21,0,0,2.1180068423456346e-23
2021-03-22,0,0,6.561654911750197e-24
2021-03-23,0,0,4.362059781458337e-24
2021-03-24,0,0,7.325833468982493e-23
2021-03-25,0,0,8.462075069330429e-23
2021-03-26,0,0,1.3022942754829956e-24
2021-03-27,0,0,1.8814027047824812e-22
2021-03-28,0,0,2.950120713070074e-24
2021-03-29,0,0,5.197066322296207e-25
2021-03-30,0,0,1.943316098861317e-22
2021-03-31,0,0,7.826279460847816e-21
2021-04-01,0,0,2.0709418318826e-23
2021-04-02,0,0,3.8770071531263527e-23
2021-04-03,0,0,4.3639004477623446e-23
2021-04-04,0,0,1.0672301740832603e-23
2021-04-05,0,0,4.0732847880379125e-24
2021-04-06,0,0,9.898054214630957e-23
2021-04-07,0,0,2.8966266735021483e-21
2021-04-08,0,0,8.289376103182672e-19
2021-04-09,0,0,4.9578112766353015e-17
2021-04-10,0,0,8.268562459693992e-15
2021-04-11,0,0,1.389111219950111e-15
2021-04-12,0,0,1.9016314970628356e-15
2021-04-13,0,0,2.89128972430063e-14
2021-04-14,0,0,1.3464403958499663e-14
2021-04-15,0,0,5.407113329998515e-16
2021-04-16,0,0,1.852809563113101e-16
2021-04-17,0,0,4.594474513874142e-17
2021-04-18,0,0,2.707919751870535e-17
2021-04-19,0,0,3.491811613889244e-19
2021-04-20,0,0,5.048573959283347e-20
2021-04-21,0,0,2.4296005999342513e-17
2021-04-22,0,0,3.745746425858196e-19
2021-04-23,0,0,8.1105335936272555e-19
2021-04-24,0,0,1.0273186332587263e-18
2021-04-25,0,0,1.5066147260290886e-22
2021-04-26,0,0,4.359991356819608e-23
2021-04-27,0,0,9.300491711910905e-20
2021-04-28,0,0,7.193580834974085e-17
2021-04-29,0,0,8.855118332919761e-16
2021-04-30,0,0,5.602396603943224e-16
2021-05-01,0,0,2.0487678381632325e-11
2021-05-02,0,0,5.112686523854581e-09
2021-05-03,0,0,6.004044119300453e-08
2021-05-04,0,0,4.081124922788668e-10
2021-05-05,0,0,1.5265440653446765e-12
2021-05-06,0,0,1.2122611885031312e-17
2021-05-07,0,0,3.530770917804127e-12
2021-05-08,0,0,5.156729728838634e-12
2021-05-09,0,0,3.695943150958293e-13
2021-05-10,0,0,2.8440329366437016e-13
2021-05-11,0,0,5.6382376706277995e-14
2021-05-12,0,0,8.765484928221864e-13
2021-05-13,0,0,1.4640379643645158e-13
2021-05-14,0,0,1.208803936794031e-12
2021-05-15,0,0,5.271353726785995e-13
2021-05-16,0,0,1.7397649439930492e-12
2021-05-17,0,0,7.639722990045505e-13
2021-05-18,0,0,1.7113100787086152e-12
2021-05-19,0,0,3.5306451932639017e-12
2021-05-20,0,0,7.661640289837314e-10
2021-05-21,0,0,1.8591653713854587e-07
2021-05-22,0,0,1.0923216907545373e-05
2021-05-23,0,0,2.3101808989197004e-05
2021-05-24,0,0,3.900641859461871e-05
2021-05-25,0,0,0.00026063895999038725
2021-05-26,0,0,0.0010468790352479575
2021-05-27,0,0,0.0009751289237234325
2021-05-28,0,0,0.00030528462431100997
2021-05-29,0,0,3.9796410337835385e-08
2021-05-30,0,0,2.1774268982412696e-07
2021-05-31,0,0,3.8705952305024196e-07
2021-06-01,0,0,5.971522427888114e-05
2021-06-02,0,0,9.044238259521102e-08
2021-06-03,0,0,4.509290919443268e-08
2021-06-04,0,0,1.6126840330826933e-08
2021-06-05,0,0,8.471035564394328e-07
2021-06-06,0,0,0.00036993946795000737
2021-06-07,0,0,0.00509297555899834
2021-06-08,0,0,5.6205586579893966e-05
2021-06-09,0,0,8.355754017682275e-05
2021-06-10,0,0,0.004791326761339261
2021-06-11,0,0,0.0292741176540166
2021-06-12,0,0,0.0001490088541133869
2021-06-13,0,0,0.0017155608113111984
2021-06-14,0,0,0.06831175030097991
2021-06-15,0,0,0.49287727790776603
2021-06-16,0,0,0.07232283720936605
2021-06-17,0,0,0.07247344101185406
2021-06-18,0,0,0.0641614536326867
2021-06-19,0,0,0.13159566289619393
2021-06-20,0,0,0.005604774829164905
2021-06-21,0,0,0.02210584204057996
2021-06-22,0,0,0.009054817616940224
2021-06-23,0,0,0.0011950926709498077
2021-06-24,0,0,0.45687253400680045
2021-06-25,0,0,0.2513813141038558
2021-06-26,0,0,0.009437100399291624
2021-06-27,0,0,0.0737577402279942
2021-06-28,0,0,0.09901503258455506
2021-06-29,0,0,0.013394743877069716
2021-06-30,0,0,0.035807444442932775
2021-07-01,0,0,0.46632743624156797
2021-07-02,0,0,0.00015107306016818347
2021-07-03,0,0,0.16235065642474894
2021-07-04,0,1,0.6156044104003013
2021-07-05,0,1,0.569366772627435
2021-07-06,0,0,0.02585028040781846
2021-07-07,0,0,0.04312731391638492
2021-07-08,0,0,0.23623926576977772
2021-07-09,0,0,0.2538256057049695
2021-07-10,0,0,0.1193482463283816
2021-07-11,0,0,0.10121182174241518
2021-07-12,0,1,0.7335718943625921
2021-07-13,0,0,0.14311906436782781
2021-07-14,0,1,0.6746697877471458
2021-07-15,0,0,0.48648066404756196
2021-07-16,0,1,0.6185423852036056
2021-07-17,0,1,0.9018045108380847
2021-07-18,0,1,0.7963753166923633
2021-07-19,0,1,0.5961011254058062
2021-07-20,0,1,0.5719406820555316
2021-07-21,0,1,0.6820955196765768
2021-07-22,0,1,0.8510289792546283
2021-07-23,0,1,0.832569374007847
2021-07-24,0,1,0.9197493519489113
2021-07-25,0,1,0.9566400770718755
2021-07-26,0,1,0.9876272631257789
2021-07-27,0,1,0.9598057559200228
2021-07-28,0,1,0.6164336144903603
2021-07-29,0,0,0.19887487443141738
2021-07-30,0,1,0.8989735590989631
2021-07-31,0,1,0.9944691967824799
2021-08-01,0,1,0.9980887369916561
2021-08-02,0,0,0.021503588061729466
2021-08-03,0,1,0.5618746092004663
2021-08-04,0,0,0.15009583849667565
2021-08-05,0,0,0.006420063228307858
2021-08-06,0,0,0.0035179703383005356
2021-08-07,0,0,0.046414374262916065
2021-08-08,0,0,0.009683224799078244
2021-08-09,1,0,0.024139843380677966
2021-08-10,1,0,0.11656852287800211
2021-08-11,1,0,0.18474022777672472
2021-08-12,0,0,0.01639283141882789
2021-08-13,0,0,0.0004165034877200455
2021-08-14,0,0,0.00020843909647973323
2021-08-15,0,0,0.0024869903368698537
2021-08-16,0,0,4.834842163922509e-07
2021-08-17,0,0,0.044011184927659645
2021-08-18,0,0,3.0514396466019895e-05
2021-08-19,0,0,0.0012006153344897256
2021-08-20,0,0,0.002245753704111792
2021-08-21,0,0,0.003184259425055024
2021-08-22,1,0,0.009831887673111004
2021-08-23,1,0,0.037562638134416806
2021-08-24,1,0,0.06644307720317566
2021-08-25,0,0,0.01005051665194493
2021-08-26,0,0,0.00014218178140079825
2021-08-27,0,0,5.435433072269974e-05
2021-08-28,0,0,0.0008002585873515314
2021-08-29,0,0,0.004455781508328872
2021-08-30,0,0,0.2526078607917137
2021-08-31,0,1,0.8295591360521366
2021-09-01,0,0,0.0005445726270222098
2021-09-02,0,0,2.1945022348183234e-06
2021-09-03,0,0,4.785393299117083e-06
2021-09-04,0,0,1.444343627878762e-05
2021-09-05,0,0,7.404668938410677e-07
2021-09-06,0,0,3.251668715543703e-07
2021-09-07,0,0,3.589312674964506e-08
2021-09-08,0,0,1.3854591422883854e-06
2021-09-09,0,0,7.407458721181138e-08
2021-09-10,0,0,4.6593858170099404e-08
2021-09-11,0,0,1.0104024566287746e-07
2021-09-12,0,0,1.5721542395506096e-07
2021-09-13,0,0,3.4612281190207415e-08
2021-09-14,0,0,1.6922398194026716e-08
2021-09-15,0,0,4.0660439201856944e-08
2021-09-16,0,0,2.454449533519566e-08
2021-09-17,0,0,1.491393988845121e-07
2021-09-18,0,0,7.786478826813323e-07
2021-09-19,0,0,1.3336253308888832e-06
2021-09-20,0,0,7.739956653775387e-06
2021-09-21,0,0,1.695779669789068e-06
2021-09-22,0,0,2.263105564522513e-09
2021-09-23,0,0,4.2820307908376755e-10
2021-09-24,0,0,4.0975502835780286e-10
2021-09-25,0,0,3.8551077432007313e-10
2021-09-26,0,0,6.414369177015368e-12
2021-09-27,0,0,1.5303194802591885e-13
2021-09-28,0,0,4.2013363931002535e-13
2021-09-29,0,0,2.8097302905205075e-12
2021-09-30,0,0,5.251790503298811e-12
2021-10-01,0,0,2.451778014836945e-14
2021-10-02,0,0,7.652732400198881e-13
2021-10-03,0,0,8.777085212766972e-12
2021-10-04,0,0,1.1926312105565846e-12
2021-10-05,0,0,1.6966201931138872e-13
2021-10-06,0,0,1.1747416310293046e-13
2021-10-07,0,0,2.221083626757928e-14
2021-10-08,0,0,6.456203165704861e-16
2021-10-09,0,0,4.1608503770539717e-16
2021-10-10,0,0,5.631830251790221e-14
2021-10-11,0,0,5.118264988240543e-13
2021-10-12,0,0,5.468993285248359e-13
2021-10-13,0,0,4.761768730927448e-13
2021-10-14,0,0,1.295904062951633e-13
2021-10-15,0,0,2.2747914939787287e-13
2021-10-16,0,0,1.267813163715048e-13
2021-10-17,0,0,9.766057979927185e-16
2021-10-18,0,0,1.6414468227490308e-15
2021-10-19,0,0,3.696369065836859e-16
2021-10-20,0,0,3.0748248206201886e-18
2021-10-21,0,0,6.643976009949339e-19
2021-10-22,0,0,3.1161450368457144e-19
2021-10-23,0,0,1.6876286964845192e-20
2021-10-24,0,0,3.504657243792413e-21
2021-10-25,0,0,3.891819416469339e-20
2021-10-26,0,0,7.651955535797334e-19
2021-10-27,0,0,1.1368451449912422e-19
2021-10-28,0,0,5.2557258280373654e-18
2021-10-29,0,0,9.212911216763788e-22
2021-10-30,0,0,4.0252129218785234e-26
2021-10-31,0,0,7.584075737365994e-25
2021-11-01,0,0,6.767056346122211e-28
2021-11-02,0,0,4.720676214868265e-27
2021-11-03,0,0,2.287536705885945e-27
2021-11-04,0,0,9.53087589474908e-27
2021-11-05,0,0,9.221936123211116e-29
2021-11-06,0,0,1.792894038290485e-29
2021-11-07,0,0,4.3881629332605836e-30
2021-11-08,0,0,2.730187316215307e-29
2021-11-09,0,0,3.8692898635035624e-28
2021-11-10,0,0,9.822556524004467e-27
2021-11-11,0,0,1.817933075322587e-25
2021-11-12,0,0,2.8342581942246807e-26
2021-11-13,0,0,3.0256230928296173e-25
2021-11-14,0,0,6.361148700910745e-26
2021-11-15,0,0,3.8380288146778933e-26
2021-11-16,0,0,3.611571757148185e-29
2021-11-17,0,0,4.391979893596617e-30
2021-11-18,0,0,2.8689567268763617e-30
2021-11-19,0,0,7.1438114868780425e-31
2021-11-20,0,0,2.792219025236309e-29
2021-11-21,0,0,2.1408558211971995e-28
2021-11-22,0,0,3.0805534077190663e-30
2021-11-23,0,0,4.836737629863499e-32
2021-11-24,0,0,8.518676102212678e-32
2021-11-25,0,0,1.2320216226534277e-31
2021-11-26,0,0,4.290708101339508e-33
2021-11-27,0,0,1.590960494680698e-34
2021-11-28,0,0,2.241714892912724e-33
2021-11-29,0,0,1.378097650913457e-33
2021-11-30,0,0,6.721968716346225e-35
2021-12-01,0,0,4.070977316296667e-35
2021-12-02,0,0,7.030922303097078e-33
2021-12-03,0,0,6.229234767397197e-34
2021-12-04,0,0,6.10125371136234e-33
2021-12-05,0,0,2.52257891264628e-31
2021-12-06,0,0,3.9094825068619093e-29
2021-12-07,0,0,2.3306607048016537e-30
2021-12-08,0,0,1.3803657857167823e-28
2021-12-10,0,0,3.5733789922544423e-28
2021-12-11,0,0,1.1652051651591717e-31
2021-12-12,0,0,2.821182829056125e-35
2021-12-13,0,0,1.0124738972022001e-33
2021-12-14,0,0,3.658446370204026e-31
2021-12-15,0,0,3.753002918121014e-31
2021-12-16,0,0,2.2932116557070092e-32
2021-12-17,0,0,1.2742011968503518e-29
2021-12-18,0,0,3.5056488963995624e-30
2021-12-19,0,0,2.708688513160268e-32
2021-12-20,0,0,6.944673770793499e-33
2021-12-21,0,0,3.7263435049319106e-30
2021-12-22,0,0,5.077573423645132e-32
2021-12-23,0,0,6.194907060808908e-36
2021-12-24,0,0,4.297730519468772e-36
2021-12-25,0,0,3.2131861658695966e-32
2021-12-26,0,0,8.029952935134053e-34
2021-12-27,0,0,2.2534750417266684e-34
2021-12-28,0,0,2.46054889629989e-31
2021-12-29,0,0,5.69754821074637e-29
2021-12-30,0,0,3.666874898941595e-31
2021-12-31,0,0,2.3309315245080198e-29
2022-01-01,0,0,4.575561891427957e-28
2022-01-02,0,0,1.2000252178679668e-32
2022-01-03,0,0,2.1843189546196873e-32
2022-01-04,0,0,4.06485267982616e-30
2022-01-05,0,0,3.9303713178952295e-30
2022-01-06,0,0,2.8036158489647147e-34
2022-01-07,0,0,7.756162327443699e-38
2022-01-08,0,0,2.0571971666975936e-38
2022-01-09,0,0,5.756378309602715e-38
2022-01-10,0,0,6.114095885152822e-43
2022-01-11,0,0,5.383294917097132e-42
2022-01-12,0,0,2.7645861789937416e-40
2022-01-13,0,0,8.904105294129226e-39
2022-01-17,0,0,1.8452680467980422e-39
2022-01-18,0,0,5.480703287515315e-40
2022-01-19,0,0,2.2828460188573385e-40
2022-01-20,0,0,5.633742524446496e-42
2022-01-21,0,0,1.7841399808752514e-42
2022-01-22,0,0,3.488271202999151e-42
2022-01-23,0,0,3.3865312642031566e-42
2022-01-24,0,0,2.9212575148852224e-42
2022-01-25,0,0,1.008123966999252e-41
2022-01-26,0,0,2.7828360095469944e-41
2022-01-27,0,0,7.081456122147602e-41
2022-01-28,0,0,2.417222912909113e-38
2022-01-29,0,0,2.0342372775514923e-39
2022-01-30,0,0,3.6502406418060025e-41
2022-01-31,0,0,5.005745605585399e-40
2022-02-01,0,0,1.279606615869268e-38
2022-02-02,0,0,2.2922843958577347e-38
2022-02-03,0,0,2.4452994276975315e-37
2022-02-04,0,0,3.347256321907901e-38
2022-02-05,0,0,3.4403005821757205e-37
2022-02-06,0,0,2.491150469005636e-34
2022-02-07,0,0,2.2097764871857687e-33
2022-02-08,0,0,1.0512333708343885e-35
2022-02-09,0,0,1.832600835950042e-36
2022-02-10,0,0,4.138213415602584e-35
2022-02-11,0,0,4.355603458137994e-35
2022-02-12,0,0,1.8466958912529664e-33
2022-02-13,0,0,5.198079451991511e-33
2022-02-14,0,0,1.616634404978804e-33
2022-02-15,0,0,4.891129076479147e-34
2022-02-16,0,0,6.996967020236589e-33
2022-02-17,0,0,4.5939834309355053e-32
2022-02-18,0,0,5.664254394422379e-35
2022-02-19,0,0,1.3329619316764694e-34
2022-02-20,0,0,9.830987661254762e-33
2022-02-21,0,0,4.717610323200439e-31
2022-02-22,0,0,1.508239343434527e-30
2022-02-23,0,0,2.6098636758736524e-34
2022-02-24,0,0,6.795036321682332e-34
2022-02-25,0,0,4.0837266949395356e-33
2022-02-26,0,0,4.45861349432884e-31
2022-02-27,0,0,1.7357328474651894e-28
2022-02-28,0,0,1.953554392083055e-29
2022-03-01,0,0,7.203291973041416e-28
2022-03-02,0,0,2.830402839835432e-28
2022-03-03,0,0,2.4822956106150123e-26
2022-03-04,0,0,6.105847766387991e-27
2022-03-05,0,0,2.601044382359566e-25
2022-03-06,0,0,5.300172540775095e-23
2022-03-07,0,0,1.6974310919064092e-20
2022-03-08,0,0,1.785425586217389e-23
2022-03-09,0,0,3.6420305459514184e-23
2022-03-10,0,0,6.711845478411665e-23
2022-03-11,0,0,5.444902731854867e-24
2022-03-12,0,0,6.979862886434843e-26
2022-03-13,0,0,2.7209606514892887e-27
2022-03-14,0,0,5.450848125751702e-27
2022-03-15,0,0,7.377453545571535e-29
2022-03-16,0,0,1.1123279425254862e-29
2022-03-17,0,0,1.9794122508206134e-29
2022-03-18,0,0,6.1831293304118574e-27
2022-03-19,0,0,1.8952304692574962e-25
2022-03-20,0,0,6.474699206757256e-24
2022-03-21,0,0,2.836368682291957e-23
2022-03-22,0,0,3.1726596722566948e-21
2022-03-23,0,0,1.805425031471264e-20
2022-03-24,0,0,9.267441208275238e-23
2022-03-25,0,0,2.142878593814114e-22
2022-03-26,0,0,2.3472258620003318e-21
2022-03-27,0,0,1.615736188728223e-22
2022-03-28,0,0,1.6217108679533678e-25
2022-03-29,0,0,3.7003678269521114e-26
2022-03-30,0,0,3.1764146931526937e-27
2022-03-31,0,0,1.1310002326587299e-25
2022-04-01,0,0,2.7058690146642815e-24
2022-04-02,0,0,1.5837561422988316e-22
2022-04-03,0,0,1.186777805246393e-18
2022-04-04,0,0,4.635928822620924e-20
2022-04-05,0,0,8.673352997360219e-20
2022-04-06,0,0,1.1487146817830184e-20
2022-04-07,0,0,1.3260762499460948e-21
2022-04-08,0,0,1.8108810658322205e-20
2022-04-09,0,0,5.0068732922975705e-19
2022-04-10,0,0,4.899525831433876e-20
2022-04-11,0,0,8.726165132891688e-21
2022-04-12,0,0,2.4524333306513877e-20
2022-04-13,0,0,7.736701094470375e-21
2022-04-14,0,0,4.1198133466187586e-19
2022-04-15,0,0,3.497913045323636e-19
2022-04-16,0,0,8.547446377113212e-15
2022-04-17,0,0,1.6550293611862164e-15
2022-04-18,0,0,8.449221310559267e-17
2022-04-19,0,0,4.532579778499278e-20
2022-04-20,0,0,9.900064933574293e-19
2022-04-21,0,0,2.3597871064562815e-16
2022-04-22,0,0,2.3866522560013468e-18
2022-04-23,0,0,8.667233765037448e-18
2022-04-24,0,0,1.1451706567526317e-15
2022-04-25,0,0,6.392089881004441e-13
2022-04-26,0,0,1.2902595475414328e-10
2022-04-27,0,0,1.3727411748227012e-12
2022-04-28,0,0,1.2397499456480808e-11
2022-04-30,0,0,2.5942376472216737e-11
2022-05-01,0,0,1.651382979438471e-11
2022-05-02,0,0,9.290713851959153e-12
2022-05-03,0,0,5.115309870844312e-10
2022-05-04,0,0,1.0895584666162172e-07
2022-05-05,0,0,7.055036037850946e-08
2022-05-06,0,0,9.477978196467201e-07
2022-05-07,0,0,7.603526940873988e-10
2022-05-08,0,0,3.916910409540657e-11
2022-05-09,0,0,5.547534904470023e-10
2022-05-10,0,0,5.525177822526559e-10
2022-05-11,0,0,5.631751993074906e-10
2022-05-12,0,0,5.900700773071157e-09
2022-05-13,0,0,2.5494077813422507e-07
2022-05-14,0,0,3.543449534175665e-08
2022-05-15,0,0,1.2111234011350852e-07
2022-05-16,0,0,4.0177307985306364e-07
2022-05-17,0,0,3.0801314588030376e-07
2022-05-18,0,0,3.5846254905707607e-06
2022-05-19,0,0,0.00011170227018381266
2022-05-20,0,0,1.7935903782698811e-06
2022-05-21,0,0,3.2595422139843624e-07
2022-05-22,0,0,2.4545080474484646e-06
2022-05-23,0,0,5.37644915683796e-07
2022-05-24,0,0,5.262730940222261e-12
2022-05-25,0,0,2.2348799329359007e-06
2022-05-26,0,0,1.8326143356640043e-05
2022-05-27,0,0,2.695517823171032e-11
2022-05-28,0,0,2.6483685850561873e-09
2022-05-29,0,0,6.071779323493374e-07
2022-05-30,0,0,2.0958927680505523e-06
2022-05-31,0,0,4.677631107019167e-06
2022-06-01,0,0,0.002900666312829861
2022-06-02,0,0,0.020263896707493977
2022-06-03,0,0,9.592224895778912e-05
2022-06-04,0,0,0.003460196959888716
2022-06-05,0,0,0.1370392027304196
2022-06-06,0,0,0.06528327294601968
2022-06-07,0,0,0.047004956740650874
2022-06-08,0,0,0.011399073184095684
2022-06-09,0,0,0.00041771893680931196
2022-06-10,0,0,0.0003587943943200513
2022-06-11,0,0,0.06755700454449982
2022-06-12,0,0,0.17792386237568908
2022-06-13,0,0,0.02756747777638787
2022-06-14,0,0,0.0002025386636261954
2022-06-15,0,0,0.06784895404216264
2022-06-16,0,0,0.1074757679282498
2022-06-17,0,1,0.5631477990118885
2022-06-18,0,0,0.10387012422153481
2022-06-19,0,1,0.9419309698532938
2022-06-20,0,1,0.9748923609087753
2022-06-21,0,1,0.9823011348842133
2022-06-22,0,1,0.8040320453074595
2022-06-23,0,1,0.5622432410863571
2022-06-24,0,0,0.47379568584234083
2022-06-25,0,0,0.1452777334949236
2022-06-26,0,0,0.3797327983545444
2022-06-27,0,0,0.004269215712501295
2022-06-28,0,1,0.6589051030396368
2022-06-29,0,1,0.9869332602630038
2022-06-30,0,1,0.7944803511980841
2022-07-01,0,0,0.056921385460640156
2022-07-02,0,0,0.00720090979950743
2022-07-03,0,0,0.045522989593017794
2022-07-04,0,1,0.9647292961267775
2022-07-05,0,1,0.9984464769210435
2022-07-06,0,0,0.49278607640888783
2022-07-07,0,1,0.6224679953507266
2022-07-08,0,1,0.9993882581268309
2022-07-09,0,1,0.9474605307825708
2022-07-10,0,0,0.12748500973305832
2022-07-11,0,0,0.3321086888826977
2022-07-12,0,1,0.8399887020806628
2022-07-13,0,1,0.7726106404947762
2022-07-14,0,0,0.39984532199732364
2022-07-15,0,1,0.7625354394038817
2022-07-16,0,1,0.8722049425356158
2022-07-17,0,1,0.9488700602025126
2022-07-18,0,1,0.6656707575503993
2022-07-19,0,0,0.22002002663313838
2022-07-20,0,1,0.8722762020613393
2022-07-21,0,0,0.01222165651984323
2022-07-22,0,1,0.848514211793643
2022-07-23,0,1,0.9379823593196306
2022-07-24,0,1,0.7447673180126136
2022-07-25,0,1,0.9663728064978332
2022-07-26,0,0,0.12780134805336524
2022-07-27,0,1,0.8288007164503197
2022-07-28,0,0,0.0005286858972636281
2022-07-29,0,0,0.0014999786245434947
2022-07-30,0,0,0.001407062817679271
2022-07-31,0,0,0.23908923826138243
2022-08-01,0,0,3.6753939927040464e-06
2022-08-02,0,0,0.0013815641706514663
2022-08-03,0,0,0.0038584706908183332
2022-08-04,0,0,0.004119583559954665
2022-08-05,0,0,0.029857202033406492
2022-08-06,0,0,0.0018203923769590216
2022-08-07,0,0,0.1337860487853522
2022-08-08,0,0,0.49219625412709384
2022-08-09,0,1,0.980238286169759
2022-08-10,0,1,0.9468704467372363
2022-08-11,0,1,0.5477143619010566
2022-08-12,0,0,0.12282067328894589
2022-08-13,0,0,0.30051543406904185
2022-08-14,0,1,0.713527515244922
2022-08-15,0,0,0.001645798415110664
2022-08-16,0,0,0.0003003485319761806
2022-08-17,0,0,1.8054669882743968e-06
2022-08-18,0,0,0.00015488865442529282
2022-08-19,0,0,0.004490109752804834
2022-08-20,0,0,0.0009630163977079825
2022-08-21,0,0,0.011069412708541112
2022-08-22,0,0,0.00014700081597396374
2022-08-23,0,0,0.00037589354952960506
2022-08-24,0,0,0.002683876177703609
2022-08-25,0,0,0.05650838828664297
2022-08-26,0,0,0.0446981668110276
2022-08-27,0,0,0.01874314128953804
2022-08-28,0,0,0.05289655860730884
2022-08-29,0,0,0.14343994988746445
2022-08-30,0,0,0.21732134619854593
2022-08-31,0,0,0.002693679207960679
2022-09-01,0,0,0.00018670572221509985
2022-09-02,0,0,0.0016390470302543772
2022-09-03,0,0,0.0002917283691511836
2022-09-04,0,0,0.0001915836529054235
2022-09-05,0,0,0.00011633811072199396
2022-09-06,0,0,1.942428705613137e-06
2022-09-07,0,0,2.864040849663089e-06
2022-09-08,0,0,1.0279249143296105e-06
2022-09-09,0,0,1.6399777116958495e-05
2022-09-10,0,0,9.744154855223688e-06
2022-09-11,0,0,6.6200266798435425e-09
2022-09-12,0,0,1.3690082158818395e-09
2022-09-13,0,0,3.673303255688968e-09
2022-09-14,0,0,5.601355736338361e-08
2022-09-15,0,0,6.807940124070077e-08
2022-09-16,0,0,1.0542031299672856e-08
2022-09-17,0,0,7.217607740541168e-09
2022-09-18,0,0,4.091859755210462e-08
2022-09-19,0,0,3.80507601547688e-08
2022-09-20,0,0,2.325780871456924e-07
2022-09-21,0,0,1.6839706944501013e-07
2022-09-22,0,0,7.482722892164402e-07
2022-09-23,0,0,9.400112220915135e-08
2022-09-24,0,0,1.1007636579769385e-06
2022-09-25,0,0,4.539358238581743e-09
2022-09-26,0,0,1.0127975851577853e-11
2022-09-27,0,0,5.805132985674117e-13
2022-09-28,0,0,1.608900575541195e-12
2022-09-29,0,0,9.152661502119495e-13
2022-09-30,0,0,3.633327266529062e-13
2022-10-01,0,0,1.1540015929869122e-21
2022-10-02,0,0,4.203197054823146e-21
2022-10-03,0,0,1.4213171155360588e-20
2022-10-04,0,0,2.292681384936902e-21
2022-10-05,0,0,1.5703803199213492e-20
2022-10-06,0,0,6.883275635722866e-19
2022-10-07,0,0,1.0493817081219276e-18
2022-10-08,0,0,2.3759186360728386e-18
2022-10-10,0,0,2.8343164627116775e-18
2022-10-11,0,0,1.885351039990469e-17
2022-10-12,0,0,1.5343560232391975e-16
2022-10-13,0,0,1.2308959633550966e-16
2022-10-14,0,0,9.462617434761774e-18
2022-10-15,0,0,3.427835418727839e-17
2022-10-16,0,0,1.4149406320303629e-15
2022-10-17,0,0,5.628963206454871e-17
2022-10-18,0,0,2.472255687311223e-18
2022-10-19,0,0,3.005386448684981e-19
2022-10-20,0,0,1.0479330186805836e-21
2022-10-21,0,0,8.109480993112667e-24
2022-10-22,0,0,1.549127743252519e-23
2022-10-23,0,0,2.564654688840966e-22
2022-10-24,0,0,1.4147269025066845e-21
2022-10-25,0,0,3.0862602697603784e-20
2022-10-26,0,0,2.1607363926530825e-18
2022-10-27,0,0,1.3435104879991188e-18
2022-10-28,0,0,6.93274230521293e-19
2022-10-29,0,0,1.7257414937572324e-19
2022-10-30,0,0,7.125861538819321e-19
2022-10-31,0,0,6.957371973833188e-19
2022-11-01,0,0,7.748560974608424e-23
2022-11-02,0,0,2.69684447001184e-23
2022-11-03,0,0,6.500140275158494e-23
2022-11-04,0,0,2.9729516854635197e-22
2022-11-05,0,0,3.6546651007570145e-20
2022-11-06,0,0,6.700259345547608e-21
2022-11-07,0,0,2.744898678219796e-20
2022-11-08,0,0,2.3338068291504375e-20
2022-11-09,0,0,1.1239087519685957e-17
2022-11-10,0,0,2.2990300727865755e-18
2022-11-11,0,0,4.911162093516139e-19
2022-11-12,0,0,3.7483062291139026e-24
2022-11-13,0,0,1.008976433793512e-24
2022-11-14,0,0,2.681298544638799e-23
2022-11-15,0,0,5.1743390884462544e-23
2022-11-16,0,0,1.1251680344650579e-29
2022-11-17,0,0,8.11766491314324e-31
2022-11-18,0,0,5.99962195987039e-32
2022-11-19,0,0,9.981989599849772e-32
2022-11-20,0,0,2.6760799507306223e-33
2022-11-21,0,0,7.418447934825798e-35
2022-11-22,0,0,3.3307571402504767e-34
2022-11-23,0,0,5.1215905746908026e-33
2022-11-24,0,0,2.4925773403945324e-31
2022-11-25,0,0,6.326320041785366e-29
2022-11-26,0,0,1.0533084772175429e-29
2022-11-27,0,0,1.2116116497941192e-26
2022-11-28,0,0,6.364846127286025e-26
2022-11-29,0,0,6.662249758916486e-28
2022-11-30,0,0,4.403575994810392e-28
2022-12-01,0,0,4.339745328709162e-31
2022-12-02,0,0,2.2020667453969337e-30
2022-12-03,0,0,5.616418318106356e-29
2022-12-04,0,0,2.701578674009385e-33
2022-12-05,0,0,8.548893645897908e-34
2022-12-06,0,0,1.8909580601876874e-32
2022-12-07,0,0,4.967797900955971e-35
2022-12-08,0,0,4.546256941980629e-35
2022-12-09,0,0,8.90482464922555e-34
2022-12-10,0,0,7.892473843412469e-32
2022-12-11,0,0,3.3050322819805105e-30
2022-12-12,0,0,3.142047532110122e-30
2022-12-13,0,0,8.386213698867605e-31
2022-12-14,0,0,3.783275241008538e-30
2022-12-15,0,0,3.538983537058938e-34
2022-12-16,0,0,2.3715424071489474e-34
2022-12-17,0,0,4.623270176888326e-34
2022-12-18,0,0,1.3807356316410727e-34
2022-12-19,0,0,3.160705807508161e-36
2022-12-20,0,0,1.3348490148336423e-35
2022-12-21,0,0,1.0848115489402611e-36
2022-12-22,0,0,1.3322532820741618e-36
2022-12-23,0,0,5.039791807203629e-38
2022-12-24,0,0,2.6315947767764185e-38
2022-12-25,0,0,2.0762623397250043e-38
2022-12-26,0,0,1.0396979899388194e-41
2022-12-27,0,0,1.3128025276262343e-43
2022-12-28,0,0,5.688975309065247e-45
2022-12-29,0,0,8.023870495279544e-43
2022-12-30,0,0,3.0991517693428958e-40
2022-12-31,0,0,4.5794387526733074e-35
2023-01-01,0,0,4.855082404961033e-36
2023-01-02,0,0,2.8151406577394407e-34
2023-01-03,0,0,4.67008845026434e-31
2023-01-04,0,0,1.1548127299617832e-29
2023-01-05,0,0,4.63862909141663e-30
2023-01-06,0,0,1.2580406094216258e-28
2023-01-07,0,0,1.2875548397508523e-28
2023-01-08,0,0,2.2150239801880254e-30
2023-01-09,0,0,7.017133263692134e-35
2023-01-10,0,0,2.8953678388089756e-34
2023-01-11,0,0,8.741797721412409e-35
2023-01-12,0,0,7.6132821705803075e-34
2023-01-13,0,0,2.4030966459158582e-37
2023-01-14,0,0,6.544095795639997e-36
2023-01-15,0,0,3.7758993200572073e-35
2023-01-16,0,0,1.0194979011746927e-34
2023-01-17,0,0,2.7761768826102288e-36
2023-01-18,0,0,4.350805405071305e-37
2023-01-19,0,0,1.4390902685452245e-36
2023-01-20,0,0,2.6726047730272696e-35
2023-01-21,0,0,1.4985843453081162e-33
2023-01-22,0,0,1.6598112692293573e-30
2023-01-23,0,0,3.069787108729104e-33
2023-01-24,0,0,8.252673013693076e-36
2023-01-25,0,0,3.586526671857092e-33
2023-01-26,0,0,5.649971241467222e-35
2023-01-27,0,0,2.06880608586688e-36
2023-01-28,0,0,1.337897754947569e-35
2023-01-29,0,0,4.387637013462459e-34
2023-01-30,0,0,5.213959944064956e-37
2023-01-31,0,0,1.4331569813433612e-35
2023-02-01,0,0,7.029492422716969e-36
2023-02-02,0,0,2.932846028087697e-35
2023-02-03,0,0,3.6594939463038314e-34
2023-02-04,0,0,6.527719376743578e-35
2023-02-05,0,0,4.932925038348077e-34
2023-02-06,0,0,1.2289687545474148e-33
2023-02-07,0,0,8.361533416481319e-35
2023-02-08,0,0,2.8162046584913607e-33
2023-02-09,0,0,9.197811779217117e-32
2023-02-10,0,0,1.992207242806888e-29
2023-02-11,0,0,1.395770525930452e-29
2023-02-12,0,0,8.33471402535031e-30
2023-02-13,0,0,2.920174131699517e-33
2023-02-14,0,0,5.720181161625849e-32
2023-02-15,0,0,5.08638464369202e-30
2023-02-16,0,0,4.9960449102616394e-29
2023-02-17,0,0,4.538608609469337e-32
2023-02-18,0,0,2.6189441740596526e-31
2023-02-19,0,0,1.6578737363166855e-26
2023-02-20,0,0,6.954641979185813e-26
2023-02-21,0,0,3.4464536160211353e-29
2023-02-22,0,0,1.1700787539051314e-29
2023-02-23,0,0,8.455425640509932e-26
2023-02-24,0,0,7.972581926779878e-26
2023-02-25,0,0,3.727389757362919e-25
2023-02-26,0,0,1.4677459018992995e-26
2023-02-27,0,0,6.10069317992216e-27
2023-02-28,0,0,5.982810762047079e-28
2023-03-01,0,0,7.793734893334335e-25
2023-03-02,0,0,1.448344184516653e-24
2023-03-03,0,0,2.0629199114020243e-23
2023-03-04,0,0,6.923035885196805e-23
2023-03-05,0,0,2.442039274118489e-23
2023-03-06,0,0,1.4741751128669759e-21
2023-03-07,0,0,7.42896469653563e-21
2023-03-08,0,0,1.9569683884942605e-23
2023-03-09,0,0,8.32880877711348e-24
2023-03-10,0,0,1.2259669602630137e-23
2023-03-11,0,0,4.1466589321233406e-26
2023-03-12,0,0,1.1790622294210211e-26
2023-03-13,0,0,1.0723685816604945e-27
2023-03-14,0,0,7.86906399210684e-29
2023-03-15,0,0,4.92197954467403e-30
2023-03-16,0,0,2.4864744470184353e-29
2023-03-17,0,0,5.288345420061747e-28
2023-03-18,0,0,7.55367073115066e-30
2023-03-19,0,0,3.087702388802652e-29
2023-03-20,0,0,4.054179088342823e-29
2023-03-21,0,0,4.905091945674767e-28
2023-03-22,0,0,1.4210397939063536e-26
2023-03-23,0,0,2.4965210546379737e-28
2023-03-24,0,0,1.0408555218277985e-26
2023-03-25,0,0,2.209405824789158e-24
2023-03-26,0,0,1.0758485088038864e-22
2023-03-27,0,0,4.887584446425078e-18
2023-03-28,0,0,2.0409737079862216e-17
2023-03-29,0,0,8.158033241860868e-19
2023-03-30,0,0,5.635242944823561e-19
2023-03-31,0,0,5.927150112888478e-19
2023-04-01,0,0,4.661663439085093e-18
2023-04-02,0,0,1.3037200861248257e-19
2023-04-03,0,0,8.229084063417848e-19
2023-04-04,0,0,1.7750566471244764e-16
2023-04-05,0,0,3.149268115220513e-15
2023-04-06,0,0,9.252116538423465e-15
2023-04-07,0,0,3.0556110214682094e-14
2023-04-08,0,0,3.7990700337204195e-17
2023-04-09,0,0,5.942858844596217e-16
2023-04-10,0,0,4.21737595832046e-16
2023-04-11,0,0,1.0169434745211322e-17
2023-04-12,0,0,2.2898580682527108e-17
2023-04-13,0,0,6.46062757091837e-16
2023-04-14,0,0,1.7530084819788693e-13
2023-04-15,0,0,5.3519202332642557e-14
2023-04-16,0,0,1.668678101526249e-13
2023-04-17,0,0,1.1956795289540877e-12
2023-04-18,0,0,5.083741391352255e-12
2023-04-19,0,0,1.1552357111967266e-11
2023-04-20,0,0,1.9136894329194726e-12
2023-04-21,0,0,2.1026503497765364e-12
2023-04-22,0,0,2.3161634562330035e-12
2023-04-23,0,0,3.0008665341103185e-13
2023-04-24,0,0,6.54898810415278e-13
2023-04-25,0,0,9.131643601739573e-14
2023-04-26,0,0,3.4052090264332515e-15
2023-04-27,0,0,6.599661666148117e-16
2023-04-28,0,0,4.311661807360918e-18
2023-04-29,0,0,2.2684561063304682e-17
2023-04-30,0,0,5.704739881413358e-17
2023-05-01,0,0,1.7901579764868138e-13
2023-05-02,0,0,6.246936779902947e-13
2023-05-03,0,0,2.359321901492106e-13
2023-05-04,0,0,2.3263459469267927e-15
2023-05-05,0,0,1.2059322501099585e-13
2023-05-06,0,0,1.3839620519458637e-12
2023-05-07,0,0,1.37790775776764e-11
2023-05-08,0,0,5.850633046692567e-11
2023-05-09,0,0,1.4174586440711548e-09
2023-05-10,0,0,2.398624023526507e-09
2023-05-11,0,0,3.057704620806814e-07
2023-05-12,0,0,3.553874018682648e-05
2023-05-13,0,0,8.367606331139785e-06
2023-05-14,0,0,6.172303273119594e-06
2023-05-15,0,0,4.2627016364503926e-05
2023-05-16,0,0,3.714949722774512e-05
2023-05-17,0,0,3.310414516616029e-06
2023-05-18,0,0,7.47543439296173e-06
2023-05-19,0,0,4.616542454593757e-05
2023-05-20,0,0,0.00010951190022099412
2023-05-21,0,0,5.965500109400751e-07
2023-05-22,0,0,2.4757246569537167e-06
2023-05-23,0,0,1.3610557131122325e-05
2023-05-24,0,0,1.8242351941299317e-06
2023-05-25,0,0,2.56111567354177e-06
2023-05-26,0,0,1.1693118245774808e-05
2023-05-27,0,0,5.8261212519353574e-06
2023-05-28,0,0,1.4261966961630015e-07
2023-05-29,0,0,2.3467493513695655e-13
2023-05-30,0,0,8.866417919137976e-11
2023-05-31,0,0,2.543223626851556e-09
2023-06-27,0,0,1.108400299365521e-06
2023-06-28,0,0,6.644731144466533e-05
2023-06-29,0,0,0.00047540621314706016
2023-06-30,0,0,0.00970740732741306
2023-07-01,0,0,0.029359428210538045
2023-07-02,0,0,0.03937561880099044
2023-07-03,0,0,0.24810907511714037
2023-07-04,0,0,0.14912871820204654
2023-07-05,0,0,0.23301380181658377
2023-07-06,0,0,0.39693011338119916
2023-07-07,0,1,0.8045653417509852
2023-07-08,0,1,0.766881480069917
2023-07-09,0,1,0.8013419803647287
2023-07-10,0,0,0.006480012604317897
2023-07-11,0,0,0.15099009471883754
2023-07-12,0,1,0.7041676594205971
2023-07-13,0,1,0.7655372835151841
2023-07-14,0,0,0.00027367573570861596
2023-07-15,0,0,0.004631838443992846
2023-07-16,0,0,0.0002569230926938215
2023-07-17,0,0,0.05084826840189986
2023-07-18,0,1,0.8738214122014275
2023-07-19,0,1,0.7035531783542422
2023-07-20,0,0,0.05858855594396977
2023-07-21,0,0,0.10763855541468288
2023-07-22,0,0,0.10671022900119216
2023-07-23,0,0,0.03970281547775679
2023-07-24,0,0,0.09980544493781462
2023-07-25,0,0,0.34521624656942873
2023-07-26,0,0,0.05423476681171856
2023-07-27,0,0,0.38835736155739925
2023-07-28,0,1,0.677910803936929
2023-07-29,0,0,0.26122977085848514
2023-07-30,0,0,0.08703883955745188
2023-07-31,0,0,0.00778499502756772
2023-08-01,0,1,0.8156175099853319
2023-08-02,0,1,0.8830214558995655
2023-08-03,0,0,0.08345998580498372
2023-08-04,0,0,0.00030251290966721054
2023-08-05,0,0,0.00025729486677740574
2023-08-06,0,0,0.005336880370283561
2023-08-07,0,0,0.0022656631929377827
2023-08-08,0,0,1.2203741834055911e-05
2023-08-09,0,0,1.4784655089363896e-05
2023-08-10,0,0,0.0007491610616278589
2023-08-11,0,0,2.0781391570400402e-08
2023-08-12,0,0,3.0523664564827873e-06
2023-08-13,0,0,0.00012468301716887876
2023-08-14,0,0,0.0004091694921274069
2023-08-15,0,0,1.2134615811301678e-06
2023-08-16,0,0,2.993337129048477e-05
2023-08-17,0,0,0.0009026598563682295
2023-08-18,0,0,0.005968279932138809
2023-08-19,0,0,8.780750988364145e-05
2023-08-20,0,0,0.0004189278233573776
2023-08-21,0,0,0.00200158725229545
2023-08-22,0,0,0.002073399213200618
2023-08-23,0,0,0.0013537001810182585
2023-08-24,0,0,0.006223569008420942
2023-08-25,0,0,0.03171224296401099
2023-08-26,0,0,0.030461982633944208
2023-08-27,0,0,0.04212449598287206
2023-08-28,0,0,0.01898637314592259
2023-08-29,0,0,0.01510026729908857
2023-08-30,0,0,0.005965853000507391
2023-08-31,0,0,0.0010722120101506686
2023-09-01,0,0,3.4424090176158093e-06
2023-09-02,0,0,1.6416902233247271e-06
2023-09-03,0,0,3.458917322650628e-07
2023-09-04,0,0,9.715459915337788e-07
2023-09-05,0,0,3.949245473120125e-06
2023-09-06,0,0,1.748580438418253e-05
2023-09-07,0,0,3.941409241139223e-06
2023-09-08,0,0,9.196904159712512e-06
2023-09-09,0,0,6.114719078423726e-06
2023-09-10,0,0,3.624803717869726e-05
2023-09-11,0,0,1.4380086117265832e-06
2023-09-12,0,0,1.3003437266546219e-06
2023-09-13,0,0,1.631864983056025e-06
2023-09-14,0,0,1.1607826166096115e-07
2023-09-15,0,0,1.1425872256630479e-07
2023-09-16,0,0,3.170036699164226e-08
2023-09-17,0,0,2.9672622691270514e-09
2023-09-18,0,0,1.2035200344189682e-10
2023-09-19,0,0,8.11571876887565e-11
2023-09-20,0,0,1.2428240110426226e-10
2023-09-21,0,0,6.788113847367186e-11
2023-09-22,0,0,2.913346699234347e-11
2023-09-23,0,0,2.4061277715905293e-11
2023-09-24,0,0,1.7148060184384467e-10
2023-09-25,0,0,1.2528298072274632e-11
2023-09-26,0,0,8.10250239907781e-13
2023-09-27,0,0,3.915758848679983e-12
2023-09-28,0,0,1.4175069910042597e-11
2023-09-29,0,0,4.1792360651659585e-11
2023-09-30,0,0,3.416442451400352e-11
2023-10-01,0,0,6.877540922272928e-14
2023-10-02,0,0,2.5845608966029224e-13
2023-10-03,0,0,1.2890213465452758e-12
2023-10-04,0,0,2.933290707614227e-12
2023-10-05,0,0,4.1873125308604625e-12
2023-10-06,0,0,4.457520043852923e-12
2023-10-07,0,0,4.03365729975495e-14
2023-10-08,0,0,5.9994971376690536e-15
2023-10-09,0,0,1.9826516862291333e-15
2023-10-10,0,0,3.300639153839202e-18
2023-10-11,0,0,2.5175794336367232e-20
2023-10-12,0,0,1.783888865347829e-20
2023-10-13,0,0,4.0249513843509814e-20
2023-10-14,0,0,3.5682623059696965e-19
2023-10-15,0,0,2.3564381962477403e-19
2023-10-16,0,0,9.422913797433333e-19
2023-10-17,0,0,4.259496031839283e-19
2023-10-18,0,0,7.344482351291338e-22
2023-10-19,0,0,7.856267877731197e-23
2023-10-20,0,0,3.298463569801516e-22
2023-10-21,0,0,5.092300081886899e-27
2023-10-22,0,0,2.499886016413229e-24
2023-10-23,0,0,2.031506544468812e-23
2023-10-24,0,0,1.7230709943820557e-21
2023-10-25,0,0,7.515362728689289e-20
2023-10-26,0,0,9.054336214922297e-20
2023-10-27,0,0,1.535194940387279e-18
2023-10-28,0,0,6.511739061044292e-18
2023-10-29,0,0,4.76090290970208e-17
2023-10-30,0,0,1.7324544304267115e-17
2023-10-31,0,0,2.132187025530317e-18
2023-11-01,0,0,5.871531823913427e-22
2023-11-02,0,0,5.672625790176499e-24
2023-11-03,0,0,2.2169258818758705e-26
2023-11-04,0,0,1.2335960526834495e-28
2023-11-05,0,0,1.8920432849059205e-28
2023-11-06,0,0,1.946236368233609e-28
2023-11-07,0,0,1.7751550268073116e-26
2023-11-08,0,0,7.516502955873823e-26
2023-11-09,0,0,4.463118005419202e-23
2023-11-10,0,0,2.191840222854547e-21
2023-11-11,0,0,1.570303658570769e-23
2023-11-12,0,0,1.3692233367386965e-22
2023-11-13,0,0,4.1417380369090563e-22
2023-11-14,0,0,5.573679917303922e-24
2023-11-15,0,0,3.017308176457041e-24
2023-11-16,0,0,5.81019988510485e-26
2023-11-17,0,0,1.0915912275592036e-24
2023-11-18,0,0,2.655746316066475e-25
2023-11-19,0,0,4.206487313418213e-27
2023-11-20,0,0,3.3780941588010287e-25
2023-11-21,0,0,2.0493054544061057e-24
2023-11-22,0,0,1.2847315877881063e-30
2023-11-23,0,0,5.923909862895571e-31
2023-11-24,0,0,4.659541596911361e-30
2023-11-25,0,0,2.164170128347278e-29
2023-11-26,0,0,1.1027159485468347e-30
2023-11-27,0,0,1.0984777690623528e-30
2023-11-28,0,0,2.658267425276439e-32
2023-11-29,0,0,3.599292737855223e-34
2023-11-30,0,0,8.240522930457939e-34
2023-12-01,0,0,8.685668747141283e-35
2023-12-02,0,0,1.951050951638289e-36
2023-12-03,0,0,2.9797639594994254e-38
2023-12-04,0,0,1.3966699116408496e-36
2023-12-05,0,0,7.958619797194627e-33
2023-12-06,0,0,1.450181392821893e-32
2023-12-07,0,0,6.548432591242223e-35
2023-12-08,0,0,4.865217976862102e-35
2023-12-09,0,0,3.6974876247674196e-34
2023-12-10,0,0,3.694502216575341e-36
2023-12-11,0,0,9.261449728806745e-38
2023-12-12,0,0,1.0487900949265504e-35
2023-12-13,0,0,3.578325505393924e-34
2023-12-14,0,0,2.252850402149531e-35
2023-12-15,0,0,3.761155988275472e-36
2023-12-16,0,0,6.268875725291485e-35
2023-12-17,0,0,1.2370407222299863e-32
2023-12-18,0,0,2.766869788974885e-34
2023-12-19,0,0,1.1104422841435728e-35
2023-12-20,0,0,2.653173662412655e-36
2023-12-21,0,0,3.865492296194128e-35
2023-12-22,0,0,2.3808229103788824e-36
2023-12-23,0,0,1.0205833222587435e-36
2023-12-24,0,0,2.1086300735300958e-35
2023-12-25,0,0,8.814634876861908e-34
2023-12-26,0,0,2.0436209445437096e-33
2023-12-27,0,0,3.32011909640409e-34
2023-12-28,0,0,4.0628854259886126e-35
2023-12-29,0,0,5.640615241048363e-32
2023-12-30,0,0,1.3001878502387639e-33
2023-12-31,0,0,1.1325569106108236e-36
2024-01-01,0,0,3.7046330590392225e-38
2024-01-02,0,0,1.0438701015097716e-39
2024-01-03,0,0,4.995681051765848e-40
2024-01-04,0,0,1.2574421978803525e-38
2024-01-05,0,0,9.5590546622616e-41
2024-01-06,0,0,8.633320731103139e-39
2024-01-07,0,0,2.5658072366422654e-42
2024-01-08,0,0,1.8879165470061784e-43
2024-01-09,0,0,4.0904389147583265e-39
2024-01-10,0,0,9.540088429408327e-38
2024-01-11,0,0,1.0460255762684194e-38
2024-01-12,0,0,4.999930445583712e-37
2024-01-13,0,0,8.060803403504915e-38
2024-01-14,0,0,1.8732804499950645e-39
2024-01-15,0,0,5.1035517792772156e-39
2024-01-16,0,0,2.559214094783368e-42
2024-01-17,0,0,3.9022534258851946e-43
2024-01-18,0,0,2.972487138614412e-42
2024-01-19,0,0,4.290449248490465e-41
2024-01-20,0,0,2.1583738258878346e-46
2024-01-21,0,0,2.375146654287795e-47
2024-01-22,0,0,5.980556937293149e-47
2024-01-23,0,0,2.586010528866047e-44
2024-01-24,0,0,1.6942112717987324e-43
2024-01-25,0,0,2.2221873406739125e-40
2024-01-26,0,0,6.697701988171863e-39
2024-01-27,0,0,6.322391180915029e-36
2024-01-28,0,0,1.4760452875996773e-34
2024-01-29,0,0,3.173648093598355e-33
2024-01-30,0,0,5.479969691358608e-34
2024-01-31,0,0,5.797143556634469e-34
2024-02-01,0,0,1.8855220375986776e-35
2024-02-02,0,0,1.7440412837387509e-35
2024-02-03,0,0,3.537719721871784e-36
2024-02-04,0,0,1.5358720521640552e-34
2024-02-05,0,0,9.14943136769186e-34
2024-02-06,0,0,6.787099649354954e-33
2024-02-07,0,0,4.8022350932208616e-32
2024-02-08,0,0,8.257442113567481e-30
2024-02-09,0,0,1.214110874431211e-28
2024-02-10,0,0,1.7832778037200379e-31
2024-02-11,0,0,1.4969993269791783e-36
2024-02-12,0,0,9.212905470745252e-35
2024-02-13,0,0,6.34609234017979e-35
2024-02-14,0,0,1.354809184310233e-32
2024-02-15,0,0,2.3539805879852903e-31
2024-02-16,0,0,5.696004737383658e-32
2024-02-17,0,0,1.0980391097242937e-33
2024-02-18,0,0,1.0824968195465547e-34
2024-02-19,0,0,1.0169007928710497e-34
2024-02-20,0,0,4.2133758841771365e-35
2024-02-21,0,0,2.8753756799991454e-35
2024-02-22,0,0,1.9414761884421922e-33
2024-02-23,0,0,9.656058906056654e-36
2024-02-24,0,0,1.4946680580148635e-34
2024-02-25,0,0,7.986003061711617e-33
2024-02-26,0,0,6.114154808211593e-30
2024-02-27,0,0,1.1058357587538506e-30
2024-02-28,0,0,7.267453639651885e-31
2024-02-29,0,0,1.0290632837554153e-33
2024-03-01,0,0,3.448537922701335e-27
2024-03-02,0,0,9.199812926750738e-27
2024-03-03,0,0,2.596009521153311e-29
2024-03-04,0,0,2.128959509896431e-28
2024-03-05,0,0,6.341593070363274e-26
2024-03-06,0,0,3.4683488513368436e-24
2024-03-07,0,0,2.4274960426937764e-26
2024-03-08,0,0,3.556074350880971e-24
2024-03-09,0,0,8.100582485452458e-24
2024-03-10,0,0,2.845084074816037e-27
2024-03-11,0,0,1.6924495223606382e-26
2024-03-12,0,0,1.7015228414720557e-26
2024-03-13,0,0,6.065802797389762e-27
2024-03-14,0,0,1.6169354829922682e-26
2024-03-15,0,0,1.0623953411635658e-23
2024-03-16,0,0,5.184250435653307e-26
2024-03-17,0,0,6.723844093100563e-25
2024-03-18,0,0,6.956812811369962e-24
2024-03-19,0,0,7.128109028236157e-24
2024-03-20,0,0,3.973579998615547e-24
2024-03-21,0,0,1.870383625980804e-26
2024-03-22,0,0,7.024023965369615e-27
2024-03-23,0,0,4.1268984701402054e-27
2024-03-24,0,0,2.857762421522538e-27
2024-03-25,0,0,9.746343942896648e-25
2024-03-26,0,0,4.0028055872498135e-23
2024-03-27,0,0,4.952407832533081e-27
2024-03-28,0,0,2.4565430749085415e-26
2024-03-29,0,0,1.5037201019742367e-25
2024-03-30,0,0,1.1986697889391469e-23
2024-03-31,0,0,1.2329500347710665e-21
2024-04-01,0,0,7.732171411602313e-18
2024-04-02,0,0,2.2406089500951805e-18
2024-04-03,0,0,1.9182054967762984e-20
2024-04-04,0,0,2.324516492850562e-19
2024-04-05,0,0,1.0323164382241351e-17
2024-04-06,0,0,1.0897264289490258e-19
2024-04-07,0,0,1.0085008759259284e-22
2024-04-08,0,0,4.998812090292695e-21
2024-04-09,0,0,1.153221098674599e-22
2024-04-10,0,0,9.613919005265647e-25
2024-04-11,0,0,2.3087537851766852e-21
2024-04-12,0,0,8.430462814145811e-23
2024-04-13,0,0,8.354188845586373e-24
2024-04-14,0,0,3.8349893576856504e-17
2024-04-15,0,0,1.903197797525934e-15
2024-04-16,0,0,2.982649023407673e-16
2024-04-17,0,0,5.871513239715577e-15
2024-04-18,0,0,1.4040525248439625e-14
2024-04-19,0,0,2.783697422706682e-13
2024-04-20,0,0,4.192412987897074e-15
2024-04-21,0,0,6.647174541089518e-14
2024-04-22,0,0,1.2874758926831191e-14
2024-04-23,0,0,8.680823722488724e-16
2024-04-24,0,0,2.014212811615049e-15
2024-04-25,0,0,1.957738890268742e-18
2024-04-26,0,0,1.6220472845378465e-17
2024-04-27,0,0,3.636957891700183e-17
2024-04-28,0,0,1.445388562563516e-16
2024-04-29,0,0,9.061094713751302e-15
2024-04-30,0,0,2.2028045095632496e-12
2024-05-01,0,0,1.649064089641848e-08
2024-05-02,0,0,1.1630861744299677e-08
2024-05-03,0,0,5.601410302301465e-08
2024-05-04,0,0,2.5534103250497062e-08
2024-05-05,0,0,3.99451881865028e-09
2024-05-06,0,0,2.835373765403137e-08
2024-05-07,0,0,1.0582940793499533e-10
2024-05-08,0,0,6.333922372439626e-09
2024-05-09,0,0,2.5610309700054865e-12
2024-05-10,0,0,8.992706460386189e-11
2024-05-11,0,0,7.063136460176363e-11
2024-05-12,0,0,1.1681937962128967e-10
2024-05-13,0,0,3.305758630902143e-10
2024-05-14,0,0,4.237189388014201e-10
2024-05-15,0,0,4.176521557962417e-17
2024-05-16,0,0,2.0942689408772564e-12
2024-05-17,0,0,3.688616764082455e-11
2024-05-18,0,0,2.815013782788205e-10
2024-05-19,0,0,3.1217339287209625e-11
2024-05-20,0,0,1.080855836431725e-09
2024-05-21,0,0,7.822844014549045e-08
2024-05-22,0,0,1.719741695255282e-06
2024-05-23,0,0,4.3778778892509214e-07
2024-05-24,0,0,4.320130276535443e-09
2024-05-25,0,0,1.0105008501309807e-06
2024-05-26,0,0,8.563281638957121e-07
2024-05-27,0,0,6.046652542220018e-08
2024-05-28,0,0,1.0631762092063471e-07
2024-05-29,0,0,2.1547437660856493e-07
2024-05-30,0,0,4.495950881603688e-07
2024-05-31,0,0,1.9958010271941276e-07
2024-06-01,0,0,7.72233063123864e-06
2024-06-02,0,0,5.1008686879697594e-05
2024-06-03,0,0,1.7652130238958648e-06
2024-06-04,0,0,7.191561488461407e-07
2024-06-05,0,0,1.9978207122233773e-05
2024-06-06,0,0,0.00020425937141786747
2024-06-07,0,0,0.00011522041869384008
2024-06-08,0,0,0.0007435061002562568
2024-06-09,0,0,0.09931884919838205
2024-06-10,0,0,0.0022572342964891157
2024-06-11,0,0,0.00015392090446139919
2024-06-12,0,0,3.410299955621849e-05
2024-06-13,0,0,0.0002027492760748925
2024-06-14,0,0,0.0003234144999467924
2024-06-15,0,0,0.001917911336854011
2024-06-16,0,0,0.053017169894693725
2024-06-17,0,0,0.11448300442245327
2024-06-18,0,0,0.4490322047201288
2024-06-19,0,1,0.8746833498319692
2024-06-20,0,1,0.9716192108060357
2024-06-21,0,1,0.9884000631791597
2024-06-22,0,1,0.7571830533746535
2024-06-23,0,0,0.1369779516397245
2024-06-24,0,0,0.11655742644158895
2024-06-25,0,1,0.8220349683782183
2024-06-26,0,1,0.999892473581873
2024-06-27,0,1,0.9910018469099898
2024-06-28,0,0,0.45978540760273107
2024-06-29,0,1,0.8693390755482628
2024-06-30,0,0,0.4816818469796145
2024-07-01,0,0,0.013065260142056103
2024-07-02,0,0,0.14161533711287197
2024-07-03,0,1,0.996440377380091
2024-07-04,0,1,0.9943171785497577
2024-07-05,0,1,0.5981296198984914
2024-07-06,0,0,0.44573448257641857
2024-07-07,0,0,0.31235399817899456
2024-07-08,0,1,0.9970612383855594
2024-07-09,0,1,0.9917055512930835
2024-07-10,1,1,0.8258703652338847
2024-07-11,1,0,0.10924960443739083
2024-07-12,1,1,0.9868230972682596
2024-07-13,0,1,0.9990471510780242
2024-07-14,0,0,0.3308995675412024
2024-07-15,0,0,0.006074787876641319
2024-07-16,0,0,0.3213059208529119
2024-07-17,0,1,0.8372578912399333
2024-07-18,0,1,0.9431572889784833
2024-07-19,0,1,0.7448169129179064
2024-07-20,0,1,0.9866489427649675
2024-07-21,0,1,0.7411018911512545
2024-07-22,0,0,0.002875851180329779
2024-07-23,0,1,0.7752563018403127
2024-07-24,0,1,0.9541643719172703
2024-07-25,0,0,0.08225872167872059
2024-07-26,0,0,0.007223645323518784
2024-07-27,0,0,0.08907686262053459
2024-07-28,0,1,0.6511288072981606
2024-07-29,0,1,0.883402146734928
2024-07-30,0,0,0.00010864399890975946
2024-07-31,0,0,0.006388659485040144
2024-08-01,0,0,0.0018090324207290275
2024-08-02,0,0,0.0014941164638324648
2024-08-03,0,0,7.648137249085453e-05
2024-08-04,0,0,0.001418831043044427
2024-08-05,0,0,0.009540161554570825
2024-08-06,0,0,0.004412274951063277
2024-08-07,0,0,0.006266698415073648
2024-08-08,0,0,0.003198479170247258
2024-08-09,0,0,0.016832907515381343
2024-08-10,0,0,0.009864526527205318
2024-08-11,0,0,0.16460294340101428
2024-08-12,0,0,0.1976709855548885
2024-08-13,0,0,0.06667497191653168
2024-08-14,0,0,0.0036879877727266893
2024-08-15,0,0,0.000868101666329232
2024-08-16,0,0,0.009912216843779116
2024-08-17,0,0,0.0032428395487248294
2024-08-18,0,0,0.0066474770312204305
2024-08-19,0,0,1.7492563141140332e-08
2024-08-20,0,0,8.195260118894063e-07
2024-08-21,0,0,4.2357450412708515e-05
2024-08-22,0,0,8.882408899109452e-05
2024-08-23,0,0,1.0605301155765885e-05
2024-08-24,0,0,7.650661702190233e-06
2024-08-25,0,0,9.37686642097838e-06
2024-08-26,0,0,8.980812207221341e-05
2024-08-27,1,0,0.001051232298149276
2024-08-28,1,0,0.01342860320026395
2024-08-29,1,0,0.10235553262249342
2024-08-30,0,0,0.006666618779344049
2024-08-31,0,0,0.0004612450456680079
2024-09-01,0,0,1.3746307733398772e-15
2024-09-02,0,0,2.790806551031999e-07
2024-09-03,0,0,0.00011065456000267436
2024-09-04,0,0,0.00016800168451001595
2024-09-05,0,0,6.565497560956338e-05
2024-09-06,0,0,1.3533057817001982e-06
2024-09-07,0,0,4.256983505446645e-07
2024-09-08,0,0,5.15205815244997e-09
2024-09-09,0,0,2.8897725381467518e-08
2024-09-10,0,0,8.408032646842492e-09
2024-09-11,0,0,1.7917461010704935e-09
2024-09-12,0,0,6.1940774952361426e-09
2024-09-13,0,0,3.5144745890469036e-09
2024-09-14,0,0,1.7467314457303203e-08
2024-09-15,0,0,4.434821540307976e-09
2024-09-16,0,0,4.9787790535735494e-09
2024-09-17,0,0,9.176124254422456e-11
2024-09-18,0,0,5.262588523376066e-14
2024-09-19,0,0,7.899556332015989e-12
2024-09-20,0,0,8.686596930509633e-11
2024-09-21,0,0,1.6035448650851873e-09
2024-09-22,0,0,2.5389921303563396e-08
2024-09-23,0,0,4.2013838944129636e-07
2024-09-24,0,0,3.282432301981151e-07
2024-09-25,0,0,7.835407650781322e-10
2024-09-26,0,0,5.541458524284909e-20
2024-09-27,0,0,7.69090836548272e-16
2024-09-28,0,0,5.1252973173463354e-14
2024-09-29,0,0,2.8296510637595178e-12
2024-09-30,0,0,8.524110709744315e-12
2024-10-01,0,0,2.4158787181082445e-14
2024-10-02,0,0,1.2704632315200268e-14
2024-10-03,0,0,1.4304919309609712e-14
2024-10-04,0,0,6.412573407766662e-13
2024-10-05,0,0,2.0772759548979566e-13
2024-10-07,0,0,1.9537893728036056e-13
2024-10-08,0,0,5.845528031937145e-14
2024-10-09,0,0,1.1240149391900243e-13
2024-10-10,0,0,1.348270714556099e-14
2024-10-11,0,0,2.7453486975112134e-16
2024-10-12,0,0,8.007471778707814e-17
2024-10-13,0,0,6.774995229025463e-17
2024-10-14,0,0,3.722654479646837e-16
2024-10-15,0,0,5.459098116784823e-19
2024-10-17,0,0,3.778750239849433e-20
2024-10-18,0,0,1.932210935349218e-21
2024-10-19,0,0,4.267110443180439e-22
2024-10-20,0,0,3.446790032099653e-22
2024-10-21,0,0,4.780412770124955e-21
2024-10-22,0,0,5.821277198835108e-20
2024-10-23,0,0,8.734987576320261e-19
2024-10-24,0,0,1.630269853315428e-17
2024-10-25,0,0,5.638048504520392e-18
2024-10-26,0,0,1.3410209455266677e-18
2024-10-27,0,0,1.8742598556831544e-18
2024-10-28,0,0,6.607435671560832e-20
2024-10-29,0,0,2.763828258850567e-20
2024-10-30,0,0,1.7074471626912855e-19
2024-10-31,0,0,1.0150295217856075e-18
2024-11-01,0,0,8.156100670529091e-20
2024-11-02,0,0,1.292398270074362e-21
2024-11-03,0,0,3.385060441958051e-21
2024-11-04,0,0,2.6539883051598085e-21
2024-11-05,0,0,7.766133983659088e-21
2024-11-06,0,0,1.5249774404291054e-21
2024-11-07,0,0,2.301247953244929e-20
2024-11-08,0,0,9.844171745835234e-21
2024-11-09,0,0,9.509225596547892e-21
2024-11-10,0,0,1.43031199164876e-19
2024-11-11,0,0,9.10842397416783e-20
2024-11-12,0,0,2.429493212330945e-22
2024-11-13,0,0,4.088428240919211e-23
2024-11-14,0,0,1.3176378204932098e-24
2024-11-15,0,0,1.1094203827838137e-27
2024-11-16,0,0,1.8125753141799547e-28
2024-11-17,0,0,7.305395954961136e-30
2024-11-18,0,0,2.0683349753952233e-28
2024-11-19,0,0,4.679896170594718e-27
2024-11-20,0,0,8.610578255884758e-28
2024-11-21,0,0,3.972780272937242e-29
2024-11-22,0,0,2.324533412072238e-29
2024-11-23,0,0,1.3262734840848542e-29
2024-11-24,0,0,5.628455504766558e-33
2024-11-25,0,0,4.4145040387015285e-34
2024-11-26,0,0,8.29042334421949e-31
2024-11-28,0,0,2.919666871945078e-31
2024-11-29,0,0,6.999729706572754e-33
2024-11-30,0,0,2.417204886902599e-34
2024-12-01,0,0,1.5757846496063826e-35
2024-12-02,0,0,2.147080580827236e-36
2024-12-03,0,0,1.4118692764619508e-39
2024-12-04,0,0,7.389261089532585e-42
2024-12-05,0,0,3.7853638585135795e-38
2024-12-06,0,0,1.0521353228948277e-40
2024-12-07,0,0,1.4560385647087955e-41
2024-12-08,0,0,1.046091325239211e-39
2024-12-09,0,0,1.4977551798327452e-39
2024-12-10,0,0,2.4542695178015145e-40
2024-12-11,0,0,6.521565611305636e-39
2024-12-12,0,0,1.036579334540744e-37
2024-12-13,0,0,4.110376456932064e-34
2024-12-14,0,0,2.0797459943579257e-32
2024-12-15,0,0,1.966476055126049e-34
2024-12-16,0,0,1.0062585179865556e-37
2024-12-17,0,0,7.816106217669734e-36
2024-12-18,0,0,3.9740159472107e-36
2024-12-19,0,0,2.650080415726285e-35
2024-12-20,0,0,1.159229577235229e-33
2024-12-21,0,0,1.109672626607975e-34
2024-12-22,0,0,3.706545605908187e-37
2024-12-23,0,0,8.352430050383842e-38
2024-12-24,0,0,1.5412115704627826e-38
2024-12-25,0,0,1.5092120826225358e-39
2024-12-26,0,0,6.483375467644961e-39
2024-12-27,0,0,2.7766195512561996e-38
2024-12-28,0,0,4.190137683132801e-36
