DATE,TARGET_ONSET_NEXT_3D,RF_PRED,RF_PROB
2019-01-01,0,0,0.0
2019-01-02,0,0,0.0
2019-01-03,0,0,0.0
2019-01-04,0,0,0.0
2019-01-05,0,0,0.0
2019-01-06,0,0,0.0
2019-01-07,0,0,0.0
2019-01-08,0,0,0.0
2019-01-09,0,0,0.0
2019-01-10,0,0,0.0
2019-01-11,0,0,0.0
2019-01-12,0,0,0.0
2019-01-13,0,0,0.0
2019-01-14,0,0,0.0
2019-01-15,0,0,0.0
2019-01-16,0,0,0.0
2019-01-17,0,0,0.0
2019-01-18,0,0,0.0
2019-01-19,0,0,0.0
2019-01-20,0,0,0.0
2019-01-21,0,0,0.0
2019-01-22,0,0,0.0
2019-01-23,0,0,0.0
2019-01-24,0,0,0.0
2019-01-25,0,0,0.0
2019-01-26,0,0,0.0
2019-01-27,0,0,0.0
2019-01-28,0,0,0.0
2019-01-29,0,0,0.0
2019-01-30,0,0,0.0
2019-01-31,0,0,0.0
2019-02-01,0,0,0.0
2019-02-02,0,0,0.0
2019-02-03,0,0,0.0
2019-02-04,0,0,0.0
2019-02-05,0,0,0.0
2019-02-06,0,0,0.0
2019-02-07,0,0,0.0
2019-02-08,0,0,0.0
2019-02-09,0,0,0.0
2019-02-10,0,0,0.0
2019-02-11,0,0,0.0
2019-02-12,0,0,0.0
2019-02-13,0,0,0.0
2019-02-14,0,0,0.0
2019-02-15,0,0,0.0
2019-02-16,0,0,0.0
2019-02-17,0,0,0.0
2019-02-18,0,0,0.0
2019-02-19,0,0,0.0
2019-02-20,0,0,0.0
2019-02-21,0,0,0.0
2019-02-22,0,0,0.0
2019-02-23,0,0,0.0
2019-02-24,0,0,0.0
2019-02-25,0,0,0.0
2019-02-26,0,0,0.0
2019-02-27,0,0,0.0
2019-02-28,0,0,0.0
2019-03-01,0,0,0.0
2019-03-02,0,0,0.0
2019-03-03,0,0,0.0
2019-03-04,0,0,0.0
2019-03-05,0,0,0.0
2019-03-06,0,0,0.0
2019-03-07,0,0,0.0
2019-03-08,0,0,0.0
2019-03-09,0,0,0.0
2019-03-10,0,0,0.0
2019-03-11,0,0,0.0
2019-03-12,0,0,0.0
2019-03-13,0,0,0.0
2019-03-14,0,0,0.0
2019-03-15,0,0,0.0
2019-03-16,0,0,0.0
2019-03-17,0,0,0.0
2019-03-18,0,0,0.0
2019-03-19,0,0,0.0
2019-03-20,0,0,0.0
2019-03-21,0,0,0.0
2019-03-22,0,0,0.0
2019-03-23,0,0,0.0
2019-03-24,0,0,0.0
2019-03-25,0,0,0.0
2019-03-26,0,0,0.0
2019-03-27,0,0,0.0
2019-03-28,0,0,0.0
2019-03-29,0,0,0.0
2019-03-30,0,0,0.0
2019-03-31,0,0,0.0
2019-04-01,0,0,0.0
2019-04-02,0,0,0.0
2019-04-03,0,0,0.0
2019-04-04,0,0,0.0
2019-04-05,0,0,0.0
2019-04-06,0,0,0.0
2019-04-07,0,0,0.0
2019-04-08,0,0,0.0
2019-04-09,0,0,0.0
2019-04-10,0,0,0.0
2019-04-11,0,0,0.0
2019-04-12,0,0,0.0
2019-04-13,0,0,0.0
2019-04-14,0,0,0.0
2019-04-15,0,0,0.0
2019-04-16,0,0,0.0
2019-04-17,0,0,0.0
2019-04-18,0,0,0.0
2019-04-19,0,0,0.0
2019-04-20,0,0,0.0
2019-04-21,0,0,0.0
2019-04-22,0,0,0.0
2019-04-23,0,0,0.0
2019-04-24,0,0,0.0
2019-04-25,0,0,0.0
2019-04-26,0,0,0.0
2019-04-27,0,0,0.0
2019-04-28,0,0,0.0
2019-04-29,0,0,0.0
2019-04-30,0,0,0.0
2019-05-01,0,0,0.0
2019-05-02,0,0,0.0
2019-05-03,0,0,0.0
2019-05-04,0,0,0.0
2019-05-05,0,0,0.0
2019-05-06,0,0,0.0
2019-05-07,0,0,0.0
2019-05-08,0,0,0.0
2019-05-09,0,0,0.0
2019-05-10,0,0,0.0
2019-05-11,0,0,0.0
2019-05-12,0,0,0.0
2019-05-13,0,0,0.0
2019-05-14,0,0,0.0
2019-05-15,0,0,0.0
2019-05-16,0,0,0.0
2019-05-17,0,0,0.0
2019-05-18,0,0,0.0
2019-05-19,0,0,0.0
2019-05-20,0,0,0.0
2019-05-21,0,0,0.0
2019-05-22,0,0,0.01952707978863555
2019-05-23,0,0,0.01455590587767019
2019-05-24,0,0,0.0
2019-05-25,0,0,0.014343025518033743
2019-05-26,0,0,0.06773417758663738
2019-05-27,0,0,0.0778033481726477
2019-05-28,0,0,0.03364008357790442
2019-05-29,0,0,0.07731903340285894
2019-05-30,0,0,0.05349617705842574
2019-05-31,0,0,0.048327336106773776
2019-06-01,0,0,0.004842748980780451
2019-06-02,0,0,0.0
2019-06-03,0,0,0.0
2019-06-04,0,0,0.0
2019-06-05,0,0,0.0
2019-06-06,0,0,0.0
2019-06-07,0,0,0.0
2019-06-08,0,0,0.0
2019-06-09,0,0,0.0
2019-06-10,0,0,0.0
2019-06-11,0,0,0.0
2019-06-12,0,0,0.0
2019-06-13,0,0,0.004920118343195265
2019-06-14,0,0,0.0
2019-06-15,0,0,0.00481749710312862
2019-06-16,0,0,0.0049070522277958085
2019-06-17,0,0,0.0
2019-06-18,0,0,0.0
2019-06-19,0,0,0.0
2019-06-20,0,0,0.0
2019-06-21,0,0,0.0
2019-06-22,0,0,0.0
2019-06-23,0,0,0.0
2019-06-24,0,0,0.0
2019-06-25,0,0,0.00969939772560696
2019-06-26,0,0,0.0
2019-06-27,0,0,0.07820115684358994
2019-06-28,0,0,0.13213275766063626
2019-06-29,0,0,0.11257896514678004
2019-06-30,0,0,0.3809501511533955
2019-07-01,0,1,0.5104490729260851
2019-07-02,0,1,0.5188632024560882
2019-07-03,0,1,0.5050284572760672
2019-07-04,0,1,0.6081681505938399
2019-07-05,0,1,0.6329932983360552
2019-07-06,0,1,0.7106276643094036
2019-07-07,0,0,0.43383932806192815
2019-07-08,0,1,0.5774173451562656
2019-07-09,0,1,0.6647520388932135
2019-07-10,0,1,0.7149949421397938
2019-07-11,0,1,0.718876201507388
2019-07-12,0,0,0.45733195683890115
2019-07-13,0,1,0.5351671213496783
2019-07-14,0,1,0.6698208061378805
2019-07-15,0,1,0.502585978404073
2019-07-16,0,1,0.7089867610117022
2019-07-17,0,0,0.48236181734049244
2019-07-18,0,0,0.3649115845906559
2019-07-19,0,0,0.12279077680823822
2019-07-20,0,0,0.23546617776698794
2019-07-21,0,0,0.3670062102133789
2019-07-22,0,0,0.29885593894733753
2019-07-23,0,0,0.049541379020775704
2019-07-24,0,0,0.0
2019-07-25,0,0,0.004943152262762875
2019-07-26,0,0,0.0
2019-07-27,0,0,0.0
2019-07-28,0,0,0.0
2019-07-29,0,0,0.01466725281705842
2019-07-30,0,0,0.009759628658593627
2019-07-31,0,0,0.019254321768604744
2019-08-01,0,0,0.0
2019-08-02,0,0,0.004599258808562414
2019-08-03,0,0,0.004599258808562414
2019-08-04,0,0,0.004599258808562414
2019-08-05,0,0,0.004599258808562414
2019-08-06,0,0,0.004599258808562414
2019-08-07,0,0,0.004599258808562414
2019-08-08,0,0,0.0
2019-08-09,0,0,0.0
2019-08-10,0,0,0.004842748980780432
2019-08-11,0,0,0.009442007789342845
2019-08-12,0,0,0.004836411225825213
2019-08-13,0,0,0.009435670034387628
2019-08-14,0,0,0.0
2019-08-15,0,0,0.0
2019-08-16,0,0,0.00951937715175768
2019-08-17,0,0,0.00483300545470804
2019-08-18,0,0,0.019619702581312726
2019-08-19,0,0,0.00483300545470804
2019-08-20,0,0,0.00483300545470804
2019-08-21,0,0,0.0
2019-08-22,0,0,0.004959737548464063
2019-08-23,0,0,0.0
2019-08-24,0,0,0.0
2019-08-25,0,0,0.0
2019-08-26,0,0,0.0
2019-08-27,0,0,0.0
2019-08-28,0,0,0.0
2019-08-29,0,0,0.0
2019-08-30,0,0,0.0
2019-08-31,0,0,0.0
2019-09-01,0,0,0.0
2019-09-02,0,0,0.0
2019-09-03,0,0,0.0
2019-09-04,0,0,0.00975652956902048
2019-09-05,0,0,0.0
2019-09-06,0,0,0.0
2019-09-07,0,0,0.0
2019-09-08,0,0,0.0048049696619474145
2019-09-09,0,0,0.004842748980780432
2019-09-10,0,0,0.0
2019-09-11,0,0,0.0
2019-09-12,0,0,0.0
2019-09-13,0,0,0.0
2019-09-14,0,0,0.0
2019-09-15,0,0,0.014465837591971837
2019-09-16,0,0,0.014699584238117463
2019-09-17,0,0,0.004894055326662743
2019-09-18,0,0,0.0
2019-09-19,0,0,0.0
2019-09-20,0,0,0.00974980120857624
2019-09-21,0,0,0.009827309553895018
2019-09-22,0,0,0.0
2019-09-23,0,0,0.0
2019-09-24,0,0,0.0
2019-09-25,0,0,0.0
2019-09-26,0,0,0.0
2019-09-27,0,0,0.0
2019-09-28,0,0,0.0
2019-09-29,0,0,0.004836411225825213
2019-09-30,0,0,0.0
2019-10-01,0,0,0.00483300545470804
2019-10-02,0,0,0.019619702581312726
2019-10-03,0,0,0.014699584238117463
2019-10-04,0,0,0.009779465894922196
2019-10-05,0,0,0.0
2019-10-06,0,0,0.0
2019-10-07,0,0,0.0
2019-10-08,0,0,0.0
2019-10-09,0,0,0.0
2019-10-10,0,0,0.0
2019-10-11,0,0,0.0
2019-10-12,0,0,0.0
2019-10-13,0,0,0.0
2019-10-14,0,0,0.0
2019-10-15,0,0,0.0
2019-10-16,0,0,0.0
2019-10-17,0,0,0.0
2019-10-18,0,0,0.0
2019-10-19,0,0,0.0
2019-10-20,0,0,0.0
2019-10-21,0,0,0.0
2019-10-22,0,0,0.0
2019-10-23,0,0,0.0
2019-10-24,0,0,0.0
2019-10-25,0,0,0.0
2019-10-26,0,0,0.0
2019-10-27,0,0,0.0
2019-10-28,0,0,0.0
2019-10-29,0,0,0.0
2019-10-30,0,0,0.0
2019-10-31,0,0,0.0
2019-11-01,0,0,0.0
2019-11-02,0,0,0.0
2019-11-03,0,0,0.0
2019-11-04,0,0,0.0
2019-11-05,0,0,0.0
2019-11-06,0,0,0.0
2019-11-07,0,0,0.0
2019-11-08,0,0,0.0
2019-11-09,0,0,0.0
2019-11-10,0,0,0.0
2019-11-11,0,0,0.0
2019-11-12,0,0,0.0
2019-11-13,0,0,0.0
2019-11-14,0,0,0.0
2019-11-15,0,0,0.0
2019-11-16,0,0,0.0
2019-11-17,0,0,0.0
2019-11-18,0,0,0.0
2019-11-19,0,0,0.0
2019-11-20,0,0,0.0
2019-11-22,0,0,0.0
2019-11-23,0,0,0.0
2019-11-24,0,0,0.0
2019-11-25,0,0,0.0
2019-11-26,0,0,0.0
2019-11-27,0,0,0.0
2019-11-28,0,0,0.0
2019-11-29,0,0,0.0
2019-11-30,0,0,0.0
2019-12-01,0,0,0.0
2019-12-02,0,0,0.0
2019-12-03,0,0,0.0
2019-12-04,0,0,0.0
2019-12-05,0,0,0.0
2019-12-07,0,0,0.0
2019-12-08,0,0,0.0
2019-12-09,0,0,0.0
2019-12-10,0,0,0.0
2019-12-11,0,0,0.0
2019-12-12,0,0,0.0
2019-12-13,0,0,0.0
2019-12-14,0,0,0.0
2019-12-15,0,0,0.0
2019-12-16,0,0,0.0
2019-12-17,0,0,0.0
2019-12-18,0,0,0.0
2019-12-19,0,0,0.0
2019-12-20,0,0,0.0
2019-12-21,0,0,0.0
2019-12-22,0,0,0.0
2019-12-23,0,0,0.0
2019-12-24,0,0,0.0
2019-12-25,0,0,0.0
2019-12-26,0,0,0.0
2019-12-27,0,0,0.0
2019-12-28,0,0,0.0
2019-12-29,0,0,0.0
2019-12-30,0,0,0.0
2019-12-31,0,0,0.0
2020-01-01,0,0,0.0
2020-01-02,0,0,0.0
2020-01-03,0,0,0.0
2020-01-04,0,0,0.0
2020-01-05,0,0,0.0
2020-01-06,0,0,0.0
2020-01-07,0,0,0.0
2020-01-08,0,0,0.0
2020-01-09,0,0,0.0
2020-01-10,0,0,0.0
2020-01-11,0,0,0.0
2020-01-12,0,0,0.0
2020-01-13,0,0,0.0
2020-01-14,0,0,0.0
2020-01-15,0,0,0.0
2020-01-16,0,0,0.0
2020-01-17,0,0,0.0
2020-01-18,0,0,0.0
2020-01-19,0,0,0.0
2020-01-20,0,0,0.0
2020-01-21,0,0,0.0
2020-01-22,0,0,0.0
2020-01-23,0,0,0.0
2020-01-24,0,0,0.0
2020-01-25,0,0,0.0
2020-01-26,0,0,0.0
2020-01-27,0,0,0.0
2020-01-28,0,0,0.0
2020-01-29,0,0,0.0
2020-01-30,0,0,0.0
2020-01-31,0,0,0.0
2020-02-01,0,0,0.0
2020-02-02,0,0,0.0
2020-02-03,0,0,0.0
2020-02-04,0,0,0.0
2020-02-05,0,0,0.0
2020-02-06,0,0,0.0
2020-02-07,0,0,0.0
2020-02-08,0,0,0.0
2020-02-09,0,0,0.0
2020-02-10,0,0,0.0
2020-02-11,0,0,0.0
2020-02-12,0,0,0.0
2020-02-13,0,0,0.0
2020-02-14,0,0,0.0
2020-02-15,0,0,0.0
2020-02-16,0,0,0.0
2020-02-17,0,0,0.0
2020-02-18,0,0,0.0
2020-02-19,0,0,0.0
2020-02-20,0,0,0.0
2020-02-21,0,0,0.0
2020-02-22,0,0,0.0
2020-02-23,0,0,0.0
2020-02-24,0,0,0.0
2020-02-25,0,0,0.0
2020-02-26,0,0,0.0
2020-02-27,0,0,0.0
2020-02-28,0,0,0.0
2020-02-29,0,0,0.0
2020-03-01,0,0,0.0
2020-03-02,0,0,0.0
2020-03-03,0,0,0.0
2020-03-04,0,0,0.0
2020-03-05,0,0,0.0
2020-03-06,0,0,0.0
2020-03-07,0,0,0.0
2020-03-08,0,0,0.0
2020-03-09,0,0,0.0
2020-03-10,0,0,0.0
2020-03-11,0,0,0.0
2020-03-12,0,0,0.0
2020-03-13,0,0,0.0
2020-03-14,0,0,0.0
2020-03-15,0,0,0.0
2020-03-16,0,0,0.0
2020-03-17,0,0,0.0
2020-03-18,0,0,0.0
2020-03-19,0,0,0.0
2020-03-20,0,0,0.0
2020-03-21,0,0,0.0
2020-03-22,0,0,0.0
2020-03-23,0,0,0.0
2020-03-24,0,0,0.0
2020-03-25,0,0,0.0
2020-03-26,0,0,0.0
2020-03-27,0,0,0.0
2020-03-28,0,0,0.0
2020-03-29,0,0,0.0
2020-03-30,0,0,0.0
2020-03-31,0,0,0.0
2020-04-01,0,0,0.0
2020-04-02,0,0,0.0
2020-04-03,0,0,0.0
2020-04-04,0,0,0.0
2020-04-05,0,0,0.0
2020-04-06,0,0,0.0
2020-04-07,0,0,0.0
2020-04-08,0,0,0.0
2020-04-09,0,0,0.0
2020-04-10,0,0,0.0
2020-04-11,0,0,0.0
2020-04-12,0,0,0.0
2020-04-13,0,0,0.0
2020-04-14,0,0,0.0
2020-04-15,0,0,0.0
2020-04-16,0,0,0.0
2020-04-17,0,0,0.0
2020-04-18,0,0,0.0
2020-04-19,0,0,0.0
2020-04-20,0,0,0.0
2020-04-21,0,0,0.0
2020-04-22,0,0,0.0
2020-04-23,0,0,0.0
2020-04-24,0,0,0.0
2020-04-25,0,0,0.0
2020-04-26,0,0,0.0
2020-04-27,0,0,0.0
2020-04-28,0,0,0.0
2020-04-29,0,0,0.0
2020-04-30,0,0,0.0
2020-05-01,0,0,0.0
2020-05-02,0,0,0.0
2020-05-03,0,0,0.0
2020-05-04,0,0,0.0
2020-05-05,0,0,0.0
2020-05-06,0,0,0.0
2020-05-07,0,0,0.0
2020-05-08,0,0,0.0
2020-05-09,0,0,0.0
2020-05-10,0,0,0.0
2020-05-11,0,0,0.0
2020-05-12,0,0,0.0
2020-05-13,0,0,0.0
2020-05-14,0,0,0.0
2020-05-15,0,0,0.0
2020-05-16,0,0,0.0
2020-05-17,0,0,0.0
2020-05-18,0,0,0.0
2020-05-19,0,0,0.0
2020-05-20,0,0,0.0
2020-05-21,0,0,0.004780109226789307
2020-05-22,0,0,0.0
2020-05-23,0,0,0.0
2020-05-24,0,0,0.0
2020-05-25,0,0,0.0
2020-05-26,0,0,0.0
2020-05-27,0,0,0.0
2020-05-28,0,0,0.0
2020-05-29,0,0,0.0
2020-05-30,0,0,0.0
2020-05-31,0,0,0.0049954941423851
2020-06-01,0,0,0.0
2020-06-02,0,0,0.0
2020-06-03,0,0,0.0
2020-06-04,0,0,0.0
2020-06-05,0,0,0.0
2020-06-06,0,0,0.013791188859565635
2020-06-07,0,0,0.0430201391927831
2020-06-08,0,0,0.019238477389835404
2020-06-09,0,0,0.21972469338543743
2020-06-10,0,0,0.1949519498682448
2020-06-11,0,0,0.23770297650293226
2020-06-12,0,0,0.19992391808332038
2020-06-13,0,0,0.1913530885330075
2020-06-14,0,0,0.18594952079534693
2020-06-15,0,0,0.05338212069624316
2020-06-16,0,0,0.0
2020-06-17,0,0,0.0
2020-06-18,0,0,0.0
2020-06-19,0,0,0.0
2020-06-20,0,0,0.0
2020-06-21,0,0,0.0
2020-06-22,0,0,0.0
2020-06-23,0,0,0.0
2020-06-24,0,0,0.0
2020-06-25,0,0,0.019677977778084967
2020-06-26,0,0,0.07811136244272225
2020-06-27,0,0,0.0930164864968908
2020-06-28,0,0,0.009840306455028085
2020-06-29,0,0,0.004933254227232276
2020-06-30,0,0,0.00989641977804088
2020-07-01,0,0,0.004881127091282652
2020-07-02,0,0,0.0
2020-07-03,0,0,0.014737014921372067
2020-07-04,0,0,0.10252284744163076
2020-07-05,0,0,0.24519684980922077
2020-07-06,0,1,0.6360816686371045
2020-07-07,0,1,0.695642184882094
2020-07-08,0,1,0.5816777123025664
2020-07-09,0,1,0.6995226886619723
2020-07-10,0,1,0.6405943207219031
2020-07-11,0,1,0.5613738763308105
2020-07-12,0,1,0.8024080298035483
2020-07-13,1,1,0.6722838104396024
2020-07-14,1,1,0.5819895548201273
2020-07-15,1,1,0.5665079679801039
2020-07-16,0,0,0.4633648560392659
2020-07-17,0,1,0.5628716016769497
2020-07-18,0,1,0.5973438875862334
2020-07-19,0,1,0.5436845600822537
2020-07-20,0,1,0.6007883896406112
2020-07-21,0,1,0.5664248154220857
2020-07-22,0,1,0.641563481786302
2020-07-23,0,1,0.6077333502984898
2020-07-24,0,0,0.20581069546039088
2020-07-25,0,0,0.16679464435864225
2020-07-26,0,0,0.14658284766407764
2020-07-27,0,0,0.049253754380571016
2020-07-28,0,0,0.03420180536215657
2020-07-29,0,0,0.028871589294412883
2020-07-30,0,0,0.07876245593852545
2020-07-31,0,0,0.048497695454057105
2020-08-01,0,0,0.0
2020-08-02,0,0,0.00483300545470804
2020-08-03,0,0,0.004599258808562414
2020-08-04,0,0,0.0
2020-08-05,0,0,0.0
2020-08-06,0,0,0.0
2020-08-07,0,0,0.0
2020-08-08,0,0,0.004599258808562414
2020-08-09,0,0,0.004599258808562414
2020-08-10,0,0,0.00483300545470804
2020-08-11,0,0,0.004599258808562414
2020-08-12,0,0,0.00483300545470804
2020-08-13,0,0,0.009669416680533253
2020-08-14,0,0,0.0
2020-08-15,0,0,0.004599258808562414
2020-08-16,0,0,0.0
2020-08-17,0,0,0.0
2020-08-18,0,0,0.0
2020-08-19,0,0,0.0
2020-08-20,0,0,0.0
2020-08-21,0,0,0.0
2020-08-22,0,0,0.0
2020-08-23,0,0,0.0
2020-08-24,0,0,0.0
2020-08-25,0,0,0.0
2020-08-26,0,0,0.00483300545470804
2020-08-27,0,0,0.00483300545470804
2020-08-28,0,0,0.004599258808562414
2020-08-29,0,0,0.00483300545470804
2020-08-30,0,0,0.0
2020-08-31,0,0,0.0
2020-09-01,0,0,0.0
2020-09-02,0,0,0.0
2020-09-03,0,0,0.0
2020-09-04,0,0,0.0
2020-09-05,0,0,0.0
2020-09-06,0,0,0.0
2020-09-07,0,0,0.0
2020-09-08,0,0,0.0
2020-09-09,0,0,0.0
2020-09-10,0,0,0.0
2020-09-11,0,0,0.0
2020-09-12,0,0,0.0
2020-09-13,0,0,0.0
2020-09-14,0,0,0.004881127091282652
2020-09-15,0,0,0.009758059758745628
2020-09-16,0,0,0.0
2020-09-17,0,0,0.004933254227232274
2020-09-18,0,0,0.0
2020-09-19,0,0,0.0
2020-09-20,0,0,0.0
2020-09-21,0,0,0.0
2020-09-22,0,0,0.0
2020-09-23,0,0,0.0
2020-09-24,0,0,0.0
2020-09-25,0,0,0.0
2020-09-26,0,0,0.0
2020-09-27,0,0,0.0
2020-09-28,0,0,0.0
2020-09-29,0,0,0.0
2020-09-30,0,0,0.0
2020-10-01,0,0,0.0
2020-10-02,0,0,0.0
2020-10-03,0,0,0.0
2020-10-04,0,0,0.0
2020-10-05,0,0,0.0
2020-10-06,0,0,0.0
2020-10-07,0,0,0.0
2020-10-08,0,0,0.0
2020-10-09,0,0,0.0
2020-10-10,0,0,0.0
2020-10-11,0,0,0.0
2020-10-12,0,0,0.0
2020-10-13,0,0,0.0
2020-10-14,0,0,0.0
2020-10-15,0,0,0.0
2020-10-16,0,0,0.0
2020-10-17,0,0,0.0
2020-10-18,0,0,0.0
2020-10-19,0,0,0.0
2020-10-20,0,0,0.0
2020-10-21,0,0,0.0
2020-10-22,0,0,0.0
2020-10-23,0,0,0.0
2020-10-24,0,0,0.0
2020-10-25,0,0,0.0
2020-10-26,0,0,0.0
2020-10-27,0,0,0.0
2020-10-28,0,0,0.0
2020-10-29,0,0,0.0
2020-10-30,0,0,0.0
2020-10-31,0,0,0.0
2020-11-01,0,0,0.0
2020-11-02,0,0,0.0
2020-11-03,0,0,0.0
2020-11-04,0,0,0.0
2020-11-05,0,0,0.0
2020-11-06,0,0,0.0
2020-11-07,0,0,0.0
2020-11-08,0,0,0.0
2020-11-09,0,0,0.0
2020-11-10,0,0,0.0
2020-11-11,0,0,0.0
2020-11-12,0,0,0.0
2020-11-13,0,0,0.0
2020-11-14,0,0,0.0
2020-11-15,0,0,0.0
2020-11-16,0,0,0.0
2020-11-17,0,0,0.0
2020-11-18,0,0,0.0
2020-11-19,0,0,0.0
2020-11-20,0,0,0.0
2020-11-21,0,0,0.0
2020-11-22,0,0,0.0
2020-11-23,0,0,0.0
2020-11-24,0,0,0.0
2020-11-25,0,0,0.0
2020-11-26,0,0,0.0
2020-11-27,0,0,0.0
2020-11-28,0,0,0.0
2020-11-29,0,0,0.0
2020-11-30,0,0,0.0
2020-12-01,0,0,0.0
2020-12-02,0,0,0.0
2020-12-03,0,0,0.0
2020-12-04,0,0,0.0
2020-12-05,0,0,0.0
2020-12-06,0,0,0.0
2020-12-07,0,0,0.0
2020-12-08,0,0,0.0
2020-12-09,0,0,0.0
2020-12-10,0,0,0.0
2020-12-11,0,0,0.0
2020-12-12,0,0,0.0
2020-12-13,0,0,0.0
2020-12-14,0,0,0.0
2020-12-15,0,0,0.0
2020-12-16,0,0,0.0
2020-12-17,0,0,0.0
2020-12-18,0,0,0.0
2020-12-19,0,0,0.0
2020-12-20,0,0,0.0
2020-12-21,0,0,0.0
2020-12-22,0,0,0.0
2020-12-23,0,0,0.0
2020-12-24,0,0,0.0
2020-12-25,0,0,0.0
2020-12-26,0,0,0.0
2020-12-27,0,0,0.0
2020-12-28,0,0,0.0
2020-12-29,0,0,0.0
2020-12-30,0,0,0.0
2020-12-31,0,0,0.0
2021-01-01,0,0,0.0
2021-01-02,0,0,0.0
2021-01-03,0,0,0.0
2021-01-04,0,0,0.0
2021-01-05,0,0,0.0
2021-01-06,0,0,0.0
2021-01-07,0,0,0.0
2021-01-08,0,0,0.0
2021-01-09,0,0,0.0
2021-01-10,0,0,0.0
2021-01-11,0,0,0.0
2021-01-12,0,0,0.0
2021-01-13,0,0,0.0
2021-01-14,0,0,0.0
2021-01-15,0,0,0.0
2021-01-16,0,0,0.0
2021-01-17,0,0,0.0
2021-01-18,0,0,0.0
2021-01-19,0,0,0.0
2021-01-20,0,0,0.0
2021-01-21,0,0,0.0
2021-01-22,0,0,0.0
2021-01-23,0,0,0.0
2021-01-24,0,0,0.0
2021-01-25,0,0,0.0
2021-01-26,0,0,0.0
2021-01-27,0,0,0.0
2021-01-28,0,0,0.0
2021-01-29,0,0,0.0
2021-01-30,0,0,0.0
2021-01-31,0,0,0.0
2021-02-01,0,0,0.0
2021-02-02,0,0,0.0
2021-02-03,0,0,0.0
2021-02-04,0,0,0.0
2021-02-05,0,0,0.0
2021-02-06,0,0,0.0
2021-02-07,0,0,0.0
2021-02-08,0,0,0.0
2021-02-09,0,0,0.0
2021-02-10,0,0,0.0
2021-02-11,0,0,0.0
2021-02-12,0,0,0.0
2021-02-13,0,0,0.0
2021-02-14,0,0,0.0
2021-02-15,0,0,0.0
2021-02-16,0,0,0.0
2021-02-17,0,0,0.0
2021-02-18,0,0,0.0
2021-02-19,0,0,0.0
2021-02-20,0,0,0.0
2021-02-21,0,0,0.0
2021-02-22,0,0,0.0
2021-02-23,0,0,0.0
2021-02-24,0,0,0.0
2021-02-25,0,0,0.0
2021-02-26,0,0,0.0
2021-02-27,0,0,0.0
2021-02-28,0,0,0.0
2021-03-01,0,0,0.0
2021-03-02,0,0,0.0
2021-03-03,0,0,0.0
2021-03-04,0,0,0.0
2021-03-05,0,0,0.0
2021-03-06,0,0,0.0
2021-03-07,0,0,0.0
2021-03-08,0,0,0.0
2021-03-09,0,0,0.0
2021-03-10,0,0,0.0
2021-03-11,0,0,0.0
2021-03-12,0,0,0.0
2021-03-13,0,0,0.0
2021-03-14,0,0,0.0
2021-03-15,0,0,0.0
2021-03-16,0,0,0.0
2021-03-17,0,0,0.0
2021-03-18,0,0,0.0
2021-03-19,0,0,0.0
2021-03-20,0,0,0.0
2021-03-21,0,0,0.0
2021-03-22,0,0,0.0
2021-03-23,0,0,0.0
2021-03-24,0,0,0.0
2021-03-25,0,0,0.0
2021-03-26,0,0,0.0
2021-03-27,0,0,0.0
2021-03-28,0,0,0.0
2021-03-29,0,0,0.0
2021-03-30,0,0,0.0
2021-03-31,0,0,0.0
2021-04-01,0,0,0.0
2021-04-02,0,0,0.0
2021-04-03,0,0,0.0
2021-04-04,0,0,0.0
2021-04-05,0,0,0.0
2021-04-06,0,0,0.0
2021-04-07,0,0,0.0
2021-04-08,0,0,0.0
2021-04-09,0,0,0.0
2021-04-10,0,0,0.0
2021-04-11,0,0,0.0
2021-04-12,0,0,0.0
2021-04-13,0,0,0.0
2021-04-14,0,0,0.0
2021-04-15,0,0,0.0
2021-04-16,0,0,0.0
2021-04-17,0,0,0.0
2021-04-18,0,0,0.0
2021-04-19,0,0,0.0
2021-04-20,0,0,0.0
2021-04-21,0,0,0.0
2021-04-22,0,0,0.0
2021-04-23,0,0,0.0
2021-04-24,0,0,0.0
2021-04-25,0,0,0.0
2021-04-26,0,0,0.0
2021-04-27,0,0,0.0
2021-04-28,0,0,0.0
2021-04-29,0,0,0.0
2021-04-30,0,0,0.0
2021-05-01,0,0,0.0
2021-05-02,0,0,0.0
2021-05-03,0,0,0.0
2021-05-04,0,0,0.0
2021-05-05,0,0,0.0
2021-05-06,0,0,0.0
2021-05-07,0,0,0.0
2021-05-08,0,0,0.0
2021-05-09,0,0,0.0
2021-05-10,0,0,0.0
2021-05-11,0,0,0.0
2021-05-12,0,0,0.0
2021-05-13,0,0,0.0
2021-05-14,0,0,0.0
2021-05-15,0,0,0.0
2021-05-16,0,0,0.0
2021-05-17,0,0,0.0
2021-05-18,0,0,0.0
2021-05-19,0,0,0.0
2021-05-20,0,0,0.0
2021-05-21,0,0,0.0
2021-05-22,0,0,0.0
2021-05-23,0,0,0.0
2021-05-24,0,0,0.0
2021-05-25,0,0,0.0
2021-05-26,0,0,0.043757046225112325
2021-05-27,0,0,0.023939938999690692
2021-05-28,0,0,0.03881779870978959
2021-05-29,0,0,0.004659568506584477
2021-05-30,0,0,0.0
2021-05-31,0,0,0.0
2021-06-01,0,0,0.004968628622647146
2021-06-02,0,0,0.0
2021-06-03,0,0,0.0
2021-06-04,0,0,0.0
2021-06-05,0,0,0.0
2021-06-06,0,0,0.0
2021-06-07,0,0,0.0
2021-06-08,0,0,0.009602818704243288
2021-06-09,0,0,0.0
2021-06-10,0,0,0.0
2021-06-11,0,0,0.019607035246584196
2021-06-12,0,0,0.009939596843424901
2021-06-13,0,0,0.0
2021-06-14,0,0,0.014515855066069484
2021-06-15,0,0,0.014467775883143345
2021-06-16,0,0,0.029192145630246916
2021-06-17,0,0,0.02470267564062645
2021-06-18,0,0,0.00481749710312862
2021-06-19,0,0,0.00481749710312862
2021-06-20,0,0,0.0
2021-06-21,0,0,0.01940406413872121
2021-06-22,0,0,0.019169648503016615
2021-06-23,0,0,0.014638615794666776
2021-06-24,0,0,0.0
2021-06-25,0,0,0.009835029622344909
2021-06-26,0,0,0.004922187777483528
2021-06-27,0,0,0.004931279374916608
2021-06-28,0,0,0.0630486199405234
2021-06-29,0,0,0.1024397583963227
2021-06-30,0,0,0.3069622843844789
2021-07-01,0,1,0.6359574986892299
2021-07-02,0,0,0.18642317570268566
2021-07-03,0,0,0.18167390166493888
2021-07-04,0,0,0.10313461178456207
2021-07-05,0,0,0.058979313247804234
2021-07-06,0,0,0.004933254227232274
2021-07-07,0,0,0.014564433627147221
2021-07-08,0,0,0.038639171737577784
2021-07-09,0,0,0.06750297421191646
2021-07-10,0,0,0.076131515911777
2021-07-11,0,0,0.2615398148161101
2021-07-12,0,0,0.4558040047513831
2021-07-13,0,0,0.2385589681075167
2021-07-14,0,0,0.1555701193881841
2021-07-15,0,0,0.33593501874445975
2021-07-16,0,0,0.46181107869439963
2021-07-17,0,1,0.6196392122286999
2021-07-18,0,0,0.31475952773112015
2021-07-19,0,0,0.33007327136303255
2021-07-20,0,0,0.3122398757622771
2021-07-21,0,0,0.35107324176335264
2021-07-22,0,0,0.49331355421382483
2021-07-23,0,1,0.5610794427490081
2021-07-24,0,1,0.7381275289299318
2021-07-25,0,1,0.5902564128459562
2021-07-26,0,1,0.5025542635110003
2021-07-27,0,0,0.34183796938659194
2021-07-28,0,0,0.1274762574651523
2021-07-29,0,0,0.09754328341935055
2021-07-30,0,0,0.10246465874459368
2021-07-31,0,0,0.12208268892664005
2021-08-01,0,0,0.00483300545470804
2021-08-02,0,0,0.00951937715175768
2021-08-03,0,0,0.0
2021-08-04,0,0,0.0
2021-08-05,0,0,0.0
2021-08-06,0,0,0.004842748980780432
2021-08-07,0,0,0.0
2021-08-08,0,0,0.004599258808562414
2021-08-09,1,0,0.004599258808562414
2021-08-10,1,0,0.004836411225825213
2021-08-11,1,0,0.00483300545470804
2021-08-12,0,0,0.0
2021-08-13,0,0,0.0
2021-08-14,0,0,0.0
2021-08-15,0,0,0.004868266978922717
2021-08-16,0,0,0.00982800452738678
2021-08-17,0,0,0.009801521206154991
2021-08-18,0,0,0.019502996559767463
2021-08-19,0,0,0.009866508454464549
2021-08-20,0,0,0.004933254227232274
2021-08-21,0,0,0.0
2021-08-22,1,0,0.0
2021-08-23,1,0,0.00483300545470804
2021-08-24,1,0,0.00483300545470804
2021-08-25,0,0,0.0
2021-08-26,0,0,0.0
2021-08-27,0,0,0.0
2021-08-28,0,0,0.0
2021-08-29,0,0,0.0
2021-08-30,0,0,0.00483300545470804
2021-08-31,0,0,0.00483300545470804
2021-09-01,0,0,0.01932214614154057
2021-09-02,0,0,0.004920118343195266
2021-09-03,0,0,0.004907052227795809
2021-09-04,0,0,0.0
2021-09-05,0,0,0.0
2021-09-06,0,0,0.0
2021-09-07,0,0,0.0
2021-09-08,0,0,0.0
2021-09-09,0,0,0.0
2021-09-10,0,0,0.0
2021-09-11,0,0,0.0
2021-09-12,0,0,0.0
2021-09-13,0,0,0.0
2021-09-14,0,0,0.0
2021-09-15,0,0,0.0
2021-09-16,0,0,0.0
2021-09-17,0,0,0.0
2021-09-18,0,0,0.0
2021-09-19,0,0,0.00483300545470804
2021-09-20,0,0,0.00483300545470804
2021-09-21,0,0,0.004599258808562414
2021-09-22,0,0,0.0
2021-09-23,0,0,0.0
2021-09-24,0,0,0.0
2021-09-25,0,0,0.0
2021-09-26,0,0,0.0
2021-09-27,0,0,0.0
2021-09-28,0,0,0.0
2021-09-29,0,0,0.0
2021-09-30,0,0,0.0
2021-10-01,0,0,0.0
2021-10-02,0,0,0.0
2021-10-03,0,0,0.0
2021-10-04,0,0,0.0
2021-10-05,0,0,0.0
2021-10-06,0,0,0.0
2021-10-07,0,0,0.0
2021-10-08,0,0,0.0
2021-10-09,0,0,0.0
2021-10-10,0,0,0.0
2021-10-11,0,0,0.0
2021-10-12,0,0,0.0
2021-10-13,0,0,0.0
2021-10-14,0,0,0.0
2021-10-15,0,0,0.0
2021-10-16,0,0,0.0
2021-10-17,0,0,0.0
2021-10-18,0,0,0.0
2021-10-19,0,0,0.0
2021-10-20,0,0,0.0
2021-10-21,0,0,0.0
2021-10-22,0,0,0.0
2021-10-23,0,0,0.0
2021-10-24,0,0,0.0
2021-10-25,0,0,0.0
2021-10-26,0,0,0.0
2021-10-27,0,0,0.0
2021-10-28,0,0,0.0
2021-10-29,0,0,0.0
2021-10-30,0,0,0.0
2021-10-31,0,0,0.0
2021-11-01,0,0,0.0
2021-11-02,0,0,0.0
2021-11-03,0,0,0.0
2021-11-04,0,0,0.0
2021-11-05,0,0,0.0
2021-11-06,0,0,0.0
2021-11-07,0,0,0.0
2021-11-08,0,0,0.0
2021-11-09,0,0,0.0
2021-11-10,0,0,0.0
2021-11-11,0,0,0.0
2021-11-12,0,0,0.0
2021-11-13,0,0,0.0
2021-11-14,0,0,0.0
2021-11-15,0,0,0.0
2021-11-16,0,0,0.0
2021-11-17,0,0,0.0
2021-11-18,0,0,0.0
2021-11-19,0,0,0.0
2021-11-20,0,0,0.0
2021-11-21,0,0,0.0
2021-11-22,0,0,0.0
2021-11-23,0,0,0.0
2021-11-24,0,0,0.0
2021-11-25,0,0,0.0
2021-11-26,0,0,0.0
2021-11-27,0,0,0.0
2021-11-28,0,0,0.0
2021-11-29,0,0,0.0
2021-11-30,0,0,0.0
2021-12-01,0,0,0.0
2021-12-02,0,0,0.0
2021-12-03,0,0,0.0
2021-12-04,0,0,0.0
2021-12-05,0,0,0.0
2021-12-06,0,0,0.0
2021-12-07,0,0,0.0
2021-12-08,0,0,0.0
2021-12-10,0,0,0.0
2021-12-11,0,0,0.0
2021-12-12,0,0,0.0
2021-12-13,0,0,0.0
2021-12-14,0,0,0.0
2021-12-15,0,0,0.0
2021-12-16,0,0,0.0
2021-12-17,0,0,0.0
2021-12-18,0,0,0.0
2021-12-19,0,0,0.0
2021-12-20,0,0,0.0
2021-12-21,0,0,0.0
2021-12-22,0,0,0.0
2021-12-23,0,0,0.0
2021-12-24,0,0,0.0
2021-12-25,0,0,0.0
2021-12-26,0,0,0.0
2021-12-27,0,0,0.004973086124401914
2021-12-28,0,0,0.0
2021-12-29,0,0,0.0
2021-12-30,0,0,0.0
2021-12-31,0,0,0.0
2022-01-01,0,0,0.0
2022-01-02,0,0,0.0
2022-01-03,0,0,0.0
2022-01-04,0,0,0.0
2022-01-05,0,0,0.0
2022-01-06,0,0,0.0
2022-01-07,0,0,0.0
2022-01-08,0,0,0.0
2022-01-09,0,0,0.0
2022-01-10,0,0,0.0
2022-01-11,0,0,0.0
2022-01-12,0,0,0.0
2022-01-13,0,0,0.0
2022-01-17,0,0,0.0
2022-01-18,0,0,0.0
2022-01-19,0,0,0.0
2022-01-20,0,0,0.0
2022-01-21,0,0,0.0
2022-01-22,0,0,0.0
2022-01-23,0,0,0.0
2022-01-24,0,0,0.0
2022-01-25,0,0,0.0
2022-01-26,0,0,0.0
2022-01-27,0,0,0.0
2022-01-28,0,0,0.0
2022-01-29,0,0,0.0
2022-01-30,0,0,0.0
2022-01-31,0,0,0.0
2022-02-01,0,0,0.0
2022-02-02,0,0,0.0
2022-02-03,0,0,0.0
2022-02-04,0,0,0.0
2022-02-05,0,0,0.0
2022-02-06,0,0,0.0
2022-02-07,0,0,0.0
2022-02-08,0,0,0.0
2022-02-09,0,0,0.0
2022-02-10,0,0,0.0
2022-02-11,0,0,0.0
2022-02-12,0,0,0.0
2022-02-13,0,0,0.0
2022-02-14,0,0,0.0
2022-02-15,0,0,0.0
2022-02-16,0,0,0.0
2022-02-17,0,0,0.0
2022-02-18,0,0,0.0
2022-02-19,0,0,0.0
2022-02-20,0,0,0.0
2022-02-21,0,0,0.0
2022-02-22,0,0,0.0
2022-02-23,0,0,0.0
2022-02-24,0,0,0.0
2022-02-25,0,0,0.0
2022-02-26,0,0,0.0
2022-02-27,0,0,0.0
2022-02-28,0,0,0.0
2022-03-01,0,0,0.0
2022-03-02,0,0,0.0
2022-03-03,0,0,0.0
2022-03-04,0,0,0.0
2022-03-05,0,0,0.0
2022-03-06,0,0,0.0
2022-03-07,0,0,0.0
2022-03-08,0,0,0.0
2022-03-09,0,0,0.0
2022-03-10,0,0,0.0
2022-03-11,0,0,0.0
2022-03-12,0,0,0.0
2022-03-13,0,0,0.0
2022-03-14,0,0,0.0
2022-03-15,0,0,0.0
2022-03-16,0,0,0.0
2022-03-17,0,0,0.0
2022-03-18,0,0,0.0
2022-03-19,0,0,0.0
2022-03-20,0,0,0.0
2022-03-21,0,0,0.0
2022-03-22,0,0,0.0
2022-03-23,0,0,0.0
2022-03-24,0,0,0.0
2022-03-25,0,0,0.0
2022-03-26,0,0,0.0
2022-03-27,0,0,0.0
2022-03-28,0,0,0.0
2022-03-29,0,0,0.0
2022-03-30,0,0,0.0
2022-03-31,0,0,0.0
2022-04-01,0,0,0.0
2022-04-02,0,0,0.0
2022-04-03,0,0,0.0
2022-04-04,0,0,0.0
2022-04-05,0,0,0.0
2022-04-06,0,0,0.0
2022-04-07,0,0,0.0
2022-04-08,0,0,0.0
2022-04-09,0,0,0.0
2022-04-10,0,0,0.0
2022-04-11,0,0,0.0
2022-04-12,0,0,0.0
2022-04-13,0,0,0.0
2022-04-14,0,0,0.0
2022-04-15,0,0,0.0
2022-04-16,0,0,0.0
2022-04-17,0,0,0.0
2022-04-18,0,0,0.0
2022-04-19,0,0,0.0
2022-04-20,0,0,0.0
2022-04-21,0,0,0.0
2022-04-22,0,0,0.0
2022-04-23,0,0,0.0
2022-04-24,0,0,0.0
2022-04-25,0,0,0.0
2022-04-26,0,0,0.0
2022-04-27,0,0,0.0
2022-04-28,0,0,0.0
2022-04-30,0,0,0.0
2022-05-01,0,0,0.0
2022-05-02,0,0,0.0
2022-05-03,0,0,0.004973086124401914
2022-05-04,0,0,0.0
2022-05-05,0,0,0.0
2022-05-06,0,0,0.0
2022-05-07,0,0,0.0
2022-05-08,0,0,0.0
2022-05-09,0,0,0.0
2022-05-10,0,0,0.0
2022-05-11,0,0,0.0
2022-05-12,0,0,0.0
2022-05-13,0,0,0.0
2022-05-14,0,0,0.0
2022-05-15,0,0,0.0
2022-05-16,0,0,0.0
2022-05-17,0,0,0.0
2022-05-18,0,0,0.0
2022-05-19,0,0,0.0
2022-05-20,0,0,0.0
2022-05-21,0,0,0.019604756897388543
2022-05-22,0,0,0.0
2022-05-23,0,0,0.01911652861136085
2022-05-24,0,0,0.0
2022-05-25,0,0,0.0
2022-05-26,0,0,0.0
2022-05-27,0,0,0.0
2022-05-28,0,0,0.0
2022-05-29,0,0,0.0
2022-05-30,0,0,0.0
2022-05-31,0,0,0.0
2022-06-01,0,0,0.009750751330360897
2022-06-02,0,0,0.004785321601114667
2022-06-03,0,0,0.01911652861136085
2022-06-04,0,0,0.009782597488132299
2022-06-05,0,0,0.029498695893208922
2022-06-06,0,0,0.019617351701132907
2022-06-07,0,0,0.0
2022-06-08,0,0,0.0049070522277958085
2022-06-09,0,0,0.009718575828346942
2022-06-10,0,0,0.009705514821811862
2022-06-11,0,0,0.004726311601205046
2022-06-12,0,0,0.0
2022-06-13,0,0,0.004785321601114667
2022-06-14,0,0,0.004785321601114667
2022-06-15,0,0,0.04835928383851149
2022-06-16,0,0,0.12735540740494844
2022-06-17,0,0,0.19092612861056982
2022-06-18,0,0,0.2545466139277408
2022-06-19,0,0,0.2106278434391563
2022-06-20,0,0,0.24022674808762787
2022-06-21,0,0,0.11800007192051404
2022-06-22,0,0,0.0980684027578315
2022-06-23,0,0,0.08777664085048159
2022-06-24,0,0,0.11151681368529137
2022-06-25,0,0,0.12127604617804731
2022-06-26,0,0,0.38052474618133736
2022-06-27,0,0,0.1857145781540348
2022-06-28,0,0,0.17692180837626204
2022-06-29,0,0,0.3042617921399947
2022-06-30,0,0,0.2530546414307758
2022-07-01,0,0,0.40026311007346815
2022-07-02,0,0,0.4154563462815178
2022-07-03,0,1,0.5672067825783594
2022-07-04,0,1,0.6810634760134942
2022-07-05,0,1,0.6036378801884088
2022-07-06,0,0,0.30881469674867007
2022-07-07,0,0,0.26450687250874244
2022-07-08,0,0,0.3867661725905617
2022-07-09,0,0,0.3151347228432372
2022-07-10,0,0,0.16716306475739887
2022-07-11,0,0,0.1275108894716976
2022-07-12,0,0,0.30296742959075856
2022-07-13,0,0,0.3904950712858216
2022-07-14,0,0,0.3445043754760252
2022-07-15,0,1,0.5450561488524589
2022-07-16,0,1,0.5504321997644223
2022-07-17,0,1,0.609856009698498
2022-07-18,0,1,0.5230822945684008
2022-07-19,0,0,0.24966735392454262
2022-07-20,0,0,0.412778952811825
2022-07-21,0,1,0.560695457147173
2022-07-22,0,1,0.5486051918295124
2022-07-23,0,1,0.7897133979207337
2022-07-24,0,1,0.6322639586423909
2022-07-25,0,1,0.5825834455739193
2022-07-26,0,0,0.2156566390726455
2022-07-27,0,0,0.211436091551959
2022-07-28,0,0,0.049300310799698786
2022-07-29,0,0,0.03954338253357515
2022-07-30,0,0,0.019577388740073053
2022-07-31,0,0,0.029669808305846087
2022-08-01,0,0,0.00974980120857624
2022-08-02,0,0,0.014748110559742789
2022-08-03,0,0,0.0
2022-08-04,0,0,0.009892991775696337
2022-08-05,0,0,0.004959737548464063
2022-08-06,0,0,0.0
2022-08-07,0,0,0.004599258808562414
2022-08-08,0,0,0.009826249712327016
2022-08-09,0,0,0.014764569033106863
2022-08-10,0,0,0.00483300545470804
2022-08-11,0,0,0.00483300545470804
2022-08-12,0,0,0.009532513035794688
2022-08-13,0,0,0.009866578783409423
2022-08-14,0,0,0.0
2022-08-15,0,0,0.0
2022-08-16,0,0,0.0
2022-08-17,0,0,0.0
2022-08-18,0,0,0.0
2022-08-19,0,0,0.0
2022-08-20,0,0,0.0
2022-08-21,0,0,0.0
2022-08-22,0,0,0.00974980120857624
2022-08-23,0,0,0.0
2022-08-24,0,0,0.0
2022-08-25,0,0,0.004599258808562414
2022-08-26,0,0,0.00483300545470804
2022-08-27,0,0,0.004599258808562414
2022-08-28,0,0,0.00483300545470804
2022-08-29,0,0,0.00483300545470804
2022-08-30,0,0,0.00483300545470804
2022-08-31,0,0,0.004599258808562414
2022-09-01,0,0,0.009866578783409423
2022-09-02,0,0,0.004599258808562414
2022-09-03,0,0,0.00483300545470804
2022-09-04,0,0,0.009799408321663393
2022-09-05,0,0,0.009565661675517766
2022-09-06,0,0,0.00974980120857624
2022-09-07,0,0,0.004933254227232274
2022-09-08,0,0,0.009758059758745628
2022-09-09,0,0,0.0
2022-09-10,0,0,0.0
2022-09-11,0,0,0.004780109226789307
2022-09-12,0,0,0.0
2022-09-13,0,0,0.0
2022-09-14,0,0,0.0
2022-09-15,0,0,0.0
2022-09-16,0,0,0.0
2022-09-17,0,0,0.0
2022-09-18,0,0,0.0
2022-09-19,0,0,0.0
2022-09-20,0,0,0.0
2022-09-21,0,0,0.0
2022-09-22,0,0,0.0
2022-09-23,0,0,0.0
2022-09-24,0,0,0.0
2022-09-25,0,0,0.0
2022-09-26,0,0,0.0
2022-09-27,0,0,0.0
2022-09-28,0,0,0.0
2022-09-29,0,0,0.0
2022-09-30,0,0,0.0
2022-10-01,0,0,0.0
2022-10-02,0,0,0.0
2022-10-03,0,0,0.0
2022-10-04,0,0,0.0
2022-10-05,0,0,0.0
2022-10-06,0,0,0.0
2022-10-07,0,0,0.0
2022-10-08,0,0,0.0
2022-10-10,0,0,0.0
2022-10-11,0,0,0.0
2022-10-12,0,0,0.0
2022-10-13,0,0,0.0
2022-10-14,0,0,0.0
2022-10-15,0,0,0.0
2022-10-16,0,0,0.0
2022-10-17,0,0,0.0
2022-10-18,0,0,0.0
2022-10-19,0,0,0.0
2022-10-20,0,0,0.0
2022-10-21,0,0,0.0
2022-10-22,0,0,0.0
2022-10-23,0,0,0.0
2022-10-24,0,0,0.0
2022-10-25,0,0,0.0
2022-10-26,0,0,0.0
2022-10-27,0,0,0.0
2022-10-28,0,0,0.0
2022-10-29,0,0,0.0
2022-10-30,0,0,0.0
2022-10-31,0,0,0.0
2022-11-01,0,0,0.0
2022-11-02,0,0,0.0
2022-11-03,0,0,0.0
2022-11-04,0,0,0.0
2022-11-05,0,0,0.0
2022-11-06,0,0,0.0
2022-11-07,0,0,0.0
2022-11-08,0,0,0.0
2022-11-09,0,0,0.0
2022-11-10,0,0,0.0
2022-11-11,0,0,0.0
2022-11-12,0,0,0.0
2022-11-13,0,0,0.0
2022-11-14,0,0,0.0
2022-11-15,0,0,0.0
2022-11-16,0,0,0.0
2022-11-17,0,0,0.0
2022-11-18,0,0,0.0
2022-11-19,0,0,0.0
2022-11-20,0,0,0.0
2022-11-21,0,0,0.0
2022-11-22,0,0,0.0
2022-11-23,0,0,0.0
2022-11-24,0,0,0.0
2022-11-25,0,0,0.0
2022-11-26,0,0,0.0
2022-11-27,0,0,0.0
2022-11-28,0,0,0.0
2022-11-29,0,0,0.0
2022-11-30,0,0,0.0
2022-12-01,0,0,0.0
2022-12-02,0,0,0.0
2022-12-03,0,0,0.0
2022-12-04,0,0,0.0
2022-12-05,0,0,0.0
2022-12-06,0,0,0.0
2022-12-07,0,0,0.0
2022-12-08,0,0,0.0
2022-12-09,0,0,0.0
2022-12-10,0,0,0.0
2022-12-11,0,0,0.0
2022-12-12,0,0,0.0
2022-12-13,0,0,0.0
2022-12-14,0,0,0.0
2022-12-15,0,0,0.0
2022-12-16,0,0,0.0
2022-12-17,0,0,0.0
2022-12-18,0,0,0.0
2022-12-19,0,0,0.0
2022-12-20,0,0,0.0
2022-12-21,0,0,0.0
2022-12-22,0,0,0.0
2022-12-23,0,0,0.0
2022-12-24,0,0,0.0
2022-12-25,0,0,0.0
2022-12-26,0,0,0.0
2022-12-27,0,0,0.0
2022-12-28,0,0,0.0
2022-12-29,0,0,0.0
2022-12-30,0,0,0.0
2022-12-31,0,0,0.0
2023-01-01,0,0,0.0
2023-01-02,0,0,0.0
2023-01-03,0,0,0.0
2023-01-04,0,0,0.0
2023-01-05,0,0,0.0
2023-01-06,0,0,0.0
2023-01-07,0,0,0.0
2023-01-08,0,0,0.0
2023-01-09,0,0,0.0
2023-01-10,0,0,0.0
2023-01-11,0,0,0.0
2023-01-12,0,0,0.0
2023-01-13,0,0,0.0
2023-01-14,0,0,0.0
2023-01-15,0,0,0.0
2023-01-16,0,0,0.0
2023-01-17,0,0,0.0
2023-01-18,0,0,0.0
2023-01-19,0,0,0.0
2023-01-20,0,0,0.0
2023-01-21,0,0,0.0
2023-01-22,0,0,0.0
2023-01-23,0,0,0.0
2023-01-24,0,0,0.0
2023-01-25,0,0,0.0
2023-01-26,0,0,0.0
2023-01-27,0,0,0.0
2023-01-28,0,0,0.0
2023-01-29,0,0,0.0
2023-01-30,0,0,0.0
2023-01-31,0,0,0.0
2023-02-01,0,0,0.0
2023-02-02,0,0,0.0
2023-02-03,0,0,0.0
2023-02-04,0,0,0.0
2023-02-05,0,0,0.0
2023-02-06,0,0,0.0
2023-02-07,0,0,0.0
2023-02-08,0,0,0.0
2023-02-09,0,0,0.0
2023-02-10,0,0,0.0
2023-02-11,0,0,0.0
2023-02-12,0,0,0.0
2023-02-13,0,0,0.0
2023-02-14,0,0,0.0
2023-02-15,0,0,0.0
2023-02-16,0,0,0.0
2023-02-17,0,0,0.0
2023-02-18,0,0,0.0
2023-02-19,0,0,0.0
2023-02-20,0,0,0.0
2023-02-21,0,0,0.0
2023-02-22,0,0,0.0
2023-02-23,0,0,0.0
2023-02-24,0,0,0.0
2023-02-25,0,0,0.0
2023-02-26,0,0,0.0
2023-02-27,0,0,0.0
2023-02-28,0,0,0.0
2023-03-01,0,0,0.0
2023-03-02,0,0,0.0
2023-03-03,0,0,0.0
2023-03-04,0,0,0.0
2023-03-05,0,0,0.0
2023-03-06,0,0,0.0
2023-03-07,0,0,0.0
2023-03-08,0,0,0.0
2023-03-09,0,0,0.0
2023-03-10,0,0,0.0
2023-03-11,0,0,0.0
2023-03-12,0,0,0.0
2023-03-13,0,0,0.0
2023-03-14,0,0,0.0
2023-03-15,0,0,0.0
2023-03-16,0,0,0.0
2023-03-17,0,0,0.0
2023-03-18,0,0,0.0
2023-03-19,0,0,0.0
2023-03-20,0,0,0.0
2023-03-21,0,0,0.0
2023-03-22,0,0,0.0
2023-03-23,0,0,0.0
2023-03-24,0,0,0.0
2023-03-25,0,0,0.0
2023-03-26,0,0,0.0
2023-03-27,0,0,0.0
2023-03-28,0,0,0.0
2023-03-29,0,0,0.0
2023-03-30,0,0,0.0
2023-03-31,0,0,0.0
2023-04-01,0,0,0.0
2023-04-02,0,0,0.0
2023-04-03,0,0,0.0
2023-04-04,0,0,0.0
2023-04-05,0,0,0.0
2023-04-06,0,0,0.0
2023-04-07,0,0,0.0
2023-04-08,0,0,0.0
2023-04-09,0,0,0.0
2023-04-10,0,0,0.0
2023-04-11,0,0,0.0
2023-04-12,0,0,0.0
2023-04-13,0,0,0.0
2023-04-14,0,0,0.004881127091282652
2023-04-15,0,0,0.0
2023-04-16,0,0,0.0
2023-04-17,0,0,0.0
2023-04-18,0,0,0.0
2023-04-19,0,0,0.0
2023-04-20,0,0,0.0
2023-04-21,0,0,0.0
2023-04-22,0,0,0.0
2023-04-23,0,0,0.0
2023-04-24,0,0,0.0
2023-04-25,0,0,0.0
2023-04-26,0,0,0.0
2023-04-27,0,0,0.0
2023-04-28,0,0,0.0
2023-04-29,0,0,0.0
2023-04-30,0,0,0.0
2023-05-01,0,0,0.0
2023-05-02,0,0,0.0
2023-05-03,0,0,0.0
2023-05-04,0,0,0.0
2023-05-05,0,0,0.0
2023-05-06,0,0,0.0
2023-05-07,0,0,0.0
2023-05-08,0,0,0.0
2023-05-09,0,0,0.0
2023-05-10,0,0,0.0
2023-05-11,0,0,0.0
2023-05-12,0,0,0.0
2023-05-13,0,0,0.004785321601114667
2023-05-14,0,0,0.004785321601114667
2023-05-15,0,0,0.019490373797277985
2023-05-16,0,0,0.009770874437806944
2023-05-17,0,0,0.0
2023-05-18,0,0,0.0
2023-05-19,0,0,0.0
2023-05-20,0,0,0.0
2023-05-21,0,0,0.0
2023-05-22,0,0,0.0
2023-05-23,0,0,0.0
2023-05-24,0,0,0.0
2023-05-25,0,0,0.0
2023-05-26,0,0,0.0
2023-05-27,0,0,0.0
2023-05-28,0,0,0.0
2023-05-29,0,0,0.0
2023-05-30,0,0,0.0
2023-05-31,0,0,0.0
2023-06-27,0,0,0.0
2023-06-28,0,0,0.0
2023-06-29,0,0,0.0
2023-06-30,0,0,0.024487719221951507
2023-07-01,0,0,0.004922187777483528
2023-07-02,0,0,0.009648499378688575
2023-07-03,0,0,0.08775436408775024
2023-07-04,0,0,0.07742190084245776
2023-07-05,0,0,0.0768799001389767
2023-07-06,0,0,0.12163773341920577
2023-07-07,0,1,0.5202945412872427
2023-07-08,0,0,0.47236297425075235
2023-07-09,0,1,0.544464981293378
2023-07-10,0,0,0.11592939628997305
2023-07-11,0,0,0.1764194297796179
2023-07-12,0,0,0.26865934821318393
2023-07-13,0,0,0.38087044018505223
2023-07-14,0,0,0.07767004257253324
2023-07-15,0,0,0.04832080974011308
2023-07-16,0,0,0.10709078867298764
2023-07-17,0,0,0.1266063289902166
2023-07-18,0,0,0.2784808739576818
2023-07-19,0,0,0.28126791268869117
2023-07-20,0,0,0.04349347685320148
2023-07-21,0,0,0.009491405202969627
2023-07-22,0,0,0.014728494363220884
2023-07-23,0,0,0.009805157576141244
2023-07-24,0,0,0.009805157576141244
2023-07-25,0,0,0.11730630888575978
2023-07-26,0,0,0.03845720203514104
2023-07-27,0,0,0.10602102317066263
2023-07-28,0,0,0.0682209152818789
2023-07-29,0,0,0.10690406344573876
2023-07-30,0,0,0.11214173397166416
2023-07-31,0,0,0.06827914120957143
2023-08-01,0,0,0.019779941384223666
2023-08-02,0,0,0.009866578783409423
2023-08-03,0,0,0.004599258808562414
2023-08-04,0,0,0.0
2023-08-05,0,0,0.0
2023-08-06,0,0,0.0
2023-08-07,0,0,0.0
2023-08-08,0,0,0.0
2023-08-09,0,0,0.0
2023-08-10,0,0,0.0
2023-08-11,0,0,0.0
2023-08-12,0,0,0.0
2023-08-13,0,0,0.0
2023-08-14,0,0,0.0
2023-08-15,0,0,0.0
2023-08-16,0,0,0.0
2023-08-17,0,0,0.0
2023-08-18,0,0,0.0
2023-08-19,0,0,0.0
2023-08-20,0,0,0.0
2023-08-21,0,0,0.0
2023-08-22,0,0,0.0
2023-08-23,0,0,0.0
2023-08-24,0,0,0.004836411225825213
2023-08-25,0,0,0.00483300545470804
2023-08-26,0,0,0.00483300545470804
2023-08-27,0,0,0.004599258808562414
2023-08-28,0,0,0.004599258808562414
2023-08-29,0,0,0.004599258808562414
2023-08-30,0,0,0.0
2023-08-31,0,0,0.0
2023-09-01,0,0,0.0
2023-09-02,0,0,0.0
2023-09-03,0,0,0.0
2023-09-04,0,0,0.0
2023-09-05,0,0,0.0
2023-09-06,0,0,0.0
2023-09-07,0,0,0.0
2023-09-08,0,0,0.0
2023-09-09,0,0,0.004599258808562414
2023-09-10,0,0,0.019619702581312726
2023-09-11,0,0,0.0
2023-09-12,0,0,0.0
2023-09-13,0,0,0.0
2023-09-14,0,0,0.0
2023-09-15,0,0,0.0
2023-09-16,0,0,0.0
2023-09-17,0,0,0.0
2023-09-18,0,0,0.0
2023-09-19,0,0,0.0
2023-09-20,0,0,0.0
2023-09-21,0,0,0.0
2023-09-22,0,0,0.0
2023-09-23,0,0,0.0
2023-09-24,0,0,0.0
2023-09-25,0,0,0.0
2023-09-26,0,0,0.0
2023-09-27,0,0,0.0
2023-09-28,0,0,0.0
2023-09-29,0,0,0.0
2023-09-30,0,0,0.0
2023-10-01,0,0,0.0
2023-10-02,0,0,0.0
2023-10-03,0,0,0.0
2023-10-04,0,0,0.004953090096798213
2023-10-05,0,0,0.0
2023-10-06,0,0,0.0
2023-10-07,0,0,0.0
2023-10-08,0,0,0.0
2023-10-09,0,0,0.0
2023-10-10,0,0,0.0
2023-10-11,0,0,0.0
2023-10-12,0,0,0.0
2023-10-13,0,0,0.0
2023-10-14,0,0,0.0
2023-10-15,0,0,0.0
2023-10-16,0,0,0.0
2023-10-17,0,0,0.0
2023-10-18,0,0,0.0
2023-10-19,0,0,0.0
2023-10-20,0,0,0.0
2023-10-21,0,0,0.0
2023-10-22,0,0,0.0
2023-10-23,0,0,0.0
2023-10-24,0,0,0.0
2023-10-25,0,0,0.0
2023-10-26,0,0,0.0
2023-10-27,0,0,0.0
2023-10-28,0,0,0.0
2023-10-29,0,0,0.0
2023-10-30,0,0,0.0
2023-10-31,0,0,0.0
2023-11-01,0,0,0.0
2023-11-02,0,0,0.0
2023-11-03,0,0,0.0
2023-11-04,0,0,0.0
2023-11-05,0,0,0.0
2023-11-06,0,0,0.0
2023-11-07,0,0,0.0
2023-11-08,0,0,0.0
2023-11-09,0,0,0.0
2023-11-10,0,0,0.0049070522277958085
2023-11-11,0,0,0.0
2023-11-12,0,0,0.0
2023-11-13,0,0,0.0
2023-11-14,0,0,0.0
2023-11-15,0,0,0.0
2023-11-16,0,0,0.0
2023-11-17,0,0,0.0
2023-11-18,0,0,0.0
2023-11-19,0,0,0.0
2023-11-20,0,0,0.0
2023-11-21,0,0,0.0
2023-11-22,0,0,0.0
2023-11-23,0,0,0.0
2023-11-24,0,0,0.0
2023-11-25,0,0,0.0
2023-11-26,0,0,0.0
2023-11-27,0,0,0.0
2023-11-28,0,0,0.0
2023-11-29,0,0,0.0
2023-11-30,0,0,0.0
2023-12-01,0,0,0.0
2023-12-02,0,0,0.0
2023-12-03,0,0,0.0
2023-12-04,0,0,0.0
2023-12-05,0,0,0.0
2023-12-06,0,0,0.0
2023-12-07,0,0,0.0
2023-12-08,0,0,0.0
2023-12-09,0,0,0.0
2023-12-10,0,0,0.0
2023-12-11,0,0,0.0
2023-12-12,0,0,0.0
2023-12-13,0,0,0.0
2023-12-14,0,0,0.0
2023-12-15,0,0,0.0
2023-12-16,0,0,0.0
2023-12-17,0,0,0.0
2023-12-18,0,0,0.0
2023-12-19,0,0,0.0
2023-12-20,0,0,0.0
2023-12-21,0,0,0.0
2023-12-22,0,0,0.0
2023-12-23,0,0,0.0
2023-12-24,0,0,0.0
2023-12-25,0,0,0.0
2023-12-26,0,0,0.0
2023-12-27,0,0,0.0
2023-12-28,0,0,0.0
2023-12-29,0,0,0.0
2023-12-30,0,0,0.0
2023-12-31,0,0,0.0
2024-01-01,0,0,0.0
2024-01-02,0,0,0.0
2024-01-03,0,0,0.0
2024-01-04,0,0,0.0
2024-01-05,0,0,0.0
2024-01-06,0,0,0.0
2024-01-07,0,0,0.0
2024-01-08,0,0,0.0
2024-01-09,0,0,0.0
2024-01-10,0,0,0.0
2024-01-11,0,0,0.0
2024-01-12,0,0,0.0
2024-01-13,0,0,0.0
2024-01-14,0,0,0.0
2024-01-15,0,0,0.0
2024-01-16,0,0,0.0
2024-01-17,0,0,0.0
2024-01-18,0,0,0.0
2024-01-19,0,0,0.0
2024-01-20,0,0,0.0
2024-01-21,0,0,0.0
2024-01-22,0,0,0.0
2024-01-23,0,0,0.0
2024-01-24,0,0,0.0
2024-01-25,0,0,0.0
2024-01-26,0,0,0.0
2024-01-27,0,0,0.0
2024-01-28,0,0,0.0
2024-01-29,0,0,0.0
2024-01-30,0,0,0.0
2024-01-31,0,0,0.0
2024-02-01,0,0,0.0
2024-02-02,0,0,0.0
2024-02-03,0,0,0.0
2024-02-04,0,0,0.0
2024-02-05,0,0,0.0
2024-02-06,0,0,0.0
2024-02-07,0,0,0.0
2024-02-08,0,0,0.0
2024-02-09,0,0,0.0
2024-02-10,0,0,0.0
2024-02-11,0,0,0.0
2024-02-12,0,0,0.0
2024-02-13,0,0,0.0
2024-02-14,0,0,0.0
2024-02-15,0,0,0.0
2024-02-16,0,0,0.0
2024-02-17,0,0,0.0
2024-02-18,0,0,0.0
2024-02-19,0,0,0.0
2024-02-20,0,0,0.0
2024-02-21,0,0,0.0
2024-02-22,0,0,0.0
2024-02-23,0,0,0.0
2024-02-24,0,0,0.0
2024-02-25,0,0,0.0
2024-02-26,0,0,0.0
2024-02-27,0,0,0.0
2024-02-28,0,0,0.0
2024-02-29,0,0,0.0
2024-03-01,0,0,0.0
2024-03-02,0,0,0.0
2024-03-03,0,0,0.0
2024-03-04,0,0,0.0
2024-03-05,0,0,0.0
2024-03-06,0,0,0.0
2024-03-07,0,0,0.0
2024-03-08,0,0,0.0
2024-03-09,0,0,0.0
2024-03-10,0,0,0.0
2024-03-11,0,0,0.0
2024-03-12,0,0,0.0
2024-03-13,0,0,0.0
2024-03-14,0,0,0.0
2024-03-15,0,0,0.0
2024-03-16,0,0,0.0
2024-03-17,0,0,0.0
2024-03-18,0,0,0.0
2024-03-19,0,0,0.0
2024-03-20,0,0,0.0
2024-03-21,0,0,0.0
2024-03-22,0,0,0.0
2024-03-23,0,0,0.0
2024-03-24,0,0,0.0
2024-03-25,0,0,0.0
2024-03-26,0,0,0.0
2024-03-27,0,0,0.0
2024-03-28,0,0,0.0
2024-03-29,0,0,0.0
2024-03-30,0,0,0.0
2024-03-31,0,0,0.0
2024-04-01,0,0,0.0
2024-04-02,0,0,0.0
2024-04-03,0,0,0.0
2024-04-04,0,0,0.0
2024-04-05,0,0,0.0
2024-04-06,0,0,0.0
2024-04-07,0,0,0.0
2024-04-08,0,0,0.0
2024-04-09,0,0,0.0
2024-04-10,0,0,0.0
2024-04-11,0,0,0.0
2024-04-12,0,0,0.0
2024-04-13,0,0,0.0
2024-04-14,0,0,0.0
2024-04-15,0,0,0.0
2024-04-16,0,0,0.0
2024-04-17,0,0,0.0
2024-04-18,0,0,0.0
2024-04-19,0,0,0.004973086124401914
2024-04-20,0,0,0.0
2024-04-21,0,0,0.0
2024-04-22,0,0,0.0
2024-04-23,0,0,0.0
2024-04-24,0,0,0.0
2024-04-25,0,0,0.0
2024-04-26,0,0,0.0
2024-04-27,0,0,0.0
2024-04-28,0,0,0.0
2024-04-29,0,0,0.0
2024-04-30,0,0,0.0
2024-05-01,0,0,0.0
2024-05-02,0,0,0.0
2024-05-03,0,0,0.004881127091282652
2024-05-04,0,0,0.0
2024-05-05,0,0,0.0
2024-05-06,0,0,0.0
2024-05-07,0,0,0.0
2024-05-08,0,0,0.0
2024-05-09,0,0,0.0
2024-05-10,0,0,0.0
2024-05-11,0,0,0.0
2024-05-12,0,0,0.0
2024-05-13,0,0,0.0
2024-05-14,0,0,0.0
2024-05-15,0,0,0.0
2024-05-16,0,0,0.0
2024-05-17,0,0,0.0
2024-05-18,0,0,0.0
2024-05-19,0,0,0.0
2024-05-20,0,0,0.0
2024-05-21,0,0,0.0
2024-05-22,0,0,0.0
2024-05-23,0,0,0.0
2024-05-24,0,0,0.0
2024-05-25,0,0,0.0
2024-05-26,0,0,0.0
2024-05-27,0,0,0.0
2024-05-28,0,0,0.0
2024-05-29,0,0,0.0
2024-05-30,0,0,0.0
2024-05-31,0,0,0.0
2024-06-01,0,0,0.0
2024-06-02,0,0,0.0
2024-06-03,0,0,0.0
2024-06-04,0,0,0.0
2024-06-05,0,0,0.0
2024-06-06,0,0,0.0
2024-06-07,0,0,0.004726311601205046
2024-06-08,0,0,0.0
2024-06-09,0,0,0.009786125725775766
2024-06-10,0,0,0.0
2024-06-11,0,0,0.0
2024-06-12,0,0,0.0
2024-06-13,0,0,0.0
2024-06-14,0,0,0.0
2024-06-15,0,0,0.0
2024-06-16,0,0,0.019417200022758218
2024-06-17,0,0,0.028767474726897942
2024-06-18,0,0,0.16943822660669508
2024-06-19,0,0,0.23930059808678575
2024-06-20,0,0,0.29329968816863483
2024-06-21,0,0,0.3084946245288383
2024-06-22,0,0,0.24472878667936235
2024-06-23,0,0,0.25402753801036976
2024-06-24,0,0,0.2033762966443173
2024-06-25,0,0,0.3820878829241028
2024-06-26,0,0,0.485930395130487
2024-06-27,0,0,0.34730376411259967
2024-06-28,0,0,0.258861129628707
2024-06-29,0,0,0.3086050307500014
2024-06-30,0,0,0.1950634380256246
2024-07-01,0,0,0.14200773716722678
2024-07-02,0,0,0.2502642103550483
2024-07-03,0,0,0.41193384654947107
2024-07-04,0,1,0.6902835307017534
2024-07-05,0,1,0.5434890306936073
2024-07-06,0,0,0.49193296969522615
2024-07-07,0,1,0.6441365885445908
2024-07-08,0,1,0.6605443667979922
2024-07-09,0,1,0.6618716439893142
2024-07-10,1,0,0.3271432216241321
2024-07-11,1,0,0.46555505713809736
2024-07-12,1,1,0.6679596779041944
2024-07-13,0,1,0.5981858256490435
2024-07-14,0,0,0.2988407038553313
2024-07-15,0,0,0.3088272111358476
2024-07-16,0,0,0.4313689892952113
2024-07-17,0,0,0.47965257051549104
2024-07-18,0,1,0.6565046875970577
2024-07-19,0,0,0.3080257854128824
2024-07-20,0,1,0.7251703012901705
2024-07-21,0,0,0.20500475059507317
2024-07-22,0,0,0.28891879395175324
2024-07-23,0,0,0.2686230786532498
2024-07-24,0,0,0.2342761108435009
2024-07-25,0,0,0.17449506913408888
2024-07-26,0,0,0.048449326338478614
2024-07-27,0,0,0.0
2024-07-28,0,0,0.06333885267453282
2024-07-29,0,0,0.0969760969344305
2024-07-30,0,0,0.0
2024-07-31,0,0,0.00969532541157827
2024-08-01,0,0,0.0
2024-08-02,0,0,0.0
2024-08-03,0,0,0.0
2024-08-04,0,0,0.0
2024-08-05,0,0,0.0
2024-08-06,0,0,0.0
2024-08-07,0,0,0.00483300545470804
2024-08-08,0,0,0.0
2024-08-09,0,0,0.014719598218146574
2024-08-10,0,0,0.004881127091282652
2024-08-11,0,0,0.0048049696619474145
2024-08-12,0,0,0.0
2024-08-13,0,0,0.004933254227232274
2024-08-14,0,0,0.0
2024-08-15,0,0,0.004881127091282652
2024-08-16,0,0,0.0
2024-08-17,0,0,0.0
2024-08-18,0,0,0.0
2024-08-19,0,0,0.0
2024-08-20,0,0,0.0
2024-08-21,0,0,0.0
2024-08-22,0,0,0.004968628622647146
2024-08-23,0,0,0.0
2024-08-24,0,0,0.0
2024-08-25,0,0,0.0
2024-08-26,0,0,0.0048174971031286215
2024-08-27,1,0,0.0
2024-08-28,1,0,0.0
2024-08-29,1,0,0.0
2024-08-30,0,0,0.0
2024-08-31,0,0,0.004920118343195266
2024-09-01,0,0,0.004868266978922717
2024-09-02,0,0,0.00983466984587807
2024-09-03,0,0,0.004920118343195266
2024-09-04,0,0,0.01451699155169064
2024-09-05,0,0,0.00974980120857624
2024-09-06,0,0,0.0
2024-09-07,0,0,0.0
2024-09-08,0,0,0.0
2024-09-09,0,0,0.0
2024-09-10,0,0,0.0
2024-09-11,0,0,0.0
2024-09-12,0,0,0.009834217188080864
2024-09-13,0,0,0.0
2024-09-14,0,0,0.0
2024-09-15,0,0,0.0
2024-09-16,0,0,0.0
2024-09-17,0,0,0.0
2024-09-18,0,0,0.0
2024-09-19,0,0,0.0
2024-09-20,0,0,0.0
2024-09-21,0,0,0.0
2024-09-22,0,0,0.0
2024-09-23,0,0,0.0
2024-09-24,0,0,0.0
2024-09-25,0,0,0.0
2024-09-26,0,0,0.0
2024-09-27,0,0,0.0
2024-09-28,0,0,0.0
2024-09-29,0,0,0.0
2024-09-30,0,0,0.0
2024-10-01,0,0,0.0
2024-10-02,0,0,0.0
2024-10-03,0,0,0.0
2024-10-04,0,0,0.0
2024-10-05,0,0,0.0
2024-10-07,0,0,0.0
2024-10-08,0,0,0.0
2024-10-09,0,0,0.0
2024-10-10,0,0,0.0
2024-10-11,0,0,0.0
2024-10-12,0,0,0.0
2024-10-13,0,0,0.0
2024-10-14,0,0,0.0
2024-10-15,0,0,0.0
2024-10-17,0,0,0.0
2024-10-18,0,0,0.0
2024-10-19,0,0,0.0
2024-10-20,0,0,0.0
2024-10-21,0,0,0.0
2024-10-22,0,0,0.0
2024-10-23,0,0,0.0
2024-10-24,0,0,0.0
2024-10-25,0,0,0.0
2024-10-26,0,0,0.0
2024-10-27,0,0,0.0
2024-10-28,0,0,0.0
2024-10-29,0,0,0.0
2024-10-30,0,0,0.0
2024-10-31,0,0,0.0
2024-11-01,0,0,0.0
2024-11-02,0,0,0.0
2024-11-03,0,0,0.0
2024-11-04,0,0,0.0
2024-11-05,0,0,0.0
2024-11-06,0,0,0.0
2024-11-07,0,0,0.0
2024-11-08,0,0,0.0
2024-11-09,0,0,0.0
2024-11-10,0,0,0.0
2024-11-11,0,0,0.0
2024-11-12,0,0,0.0
2024-11-13,0,0,0.0
2024-11-14,0,0,0.0
2024-11-15,0,0,0.0
2024-11-16,0,0,0.0
2024-11-17,0,0,0.0
2024-11-18,0,0,0.0
2024-11-19,0,0,0.0
2024-11-20,0,0,0.0
2024-11-21,0,0,0.0
2024-11-22,0,0,0.0
2024-11-23,0,0,0.0
2024-11-24,0,0,0.0
2024-11-25,0,0,0.0
2024-11-26,0,0,0.0
2024-11-28,0,0,0.0
2024-11-29,0,0,0.0
2024-11-30,0,0,0.0
2024-12-01,0,0,0.0
2024-12-02,0,0,0.0
2024-12-03,0,0,0.0
2024-12-04,0,0,0.0
2024-12-05,0,0,0.0
2024-12-06,0,0,0.0
2024-12-07,0,0,0.0
2024-12-08,0,0,0.0
2024-12-09,0,0,0.0
2024-12-10,0,0,0.0
2024-12-11,0,0,0.0
2024-12-12,0,0,0.0
2024-12-13,0,0,0.0
2024-12-14,0,0,0.0
2024-12-15,0,0,0.0
2024-12-16,0,0,0.0
2024-12-17,0,0,0.0
2024-12-18,0,0,0.0
2024-12-19,0,0,0.0
2024-12-20,0,0,0.0
2024-12-21,0,0,0.0
2024-12-22,0,0,0.0
2024-12-23,0,0,0.0
2024-12-24,0,0,0.0
2024-12-25,0,0,0.0
2024-12-26,0,0,0.0
2024-12-27,0,0,0.0
2024-12-28,0,0,0.0
